/*
SQLyog Ultimate v13.1.1 (64 bit)
MySQL - 5.7.35 : Database - guli
*********************************************************************
*/

/*!40101 SET NAMES utf8 */;

/*!40101 SET SQL_MODE=''*/;

/*!40014 SET @OLD_UNIQUE_CHECKS=@@UNIQUE_CHECKS, UNIQUE_CHECKS=0 */;
/*!40014 SET @OLD_FOREIGN_KEY_CHECKS=@@FOREIGN_KEY_CHECKS, FOREIGN_KEY_CHECKS=0 */;
/*!40101 SET @OLD_SQL_MODE=@@SQL_MODE, SQL_MODE='NO_AUTO_VALUE_ON_ZERO' */;
/*!40111 SET @OLD_SQL_NOTES=@@SQL_NOTES, SQL_NOTES=0 */;
CREATE DATABASE /*!32312 IF NOT EXISTS*/`guli` /*!40100 DEFAULT CHARACTER SET latin1 */;

USE `guli`;

/*Table structure for table `acl_permission` */

DROP TABLE IF EXISTS `acl_permission`;

CREATE TABLE `acl_permission` (
  `id` char(19) NOT NULL DEFAULT '' COMMENT '编号',
  `pid` char(19) NOT NULL DEFAULT '' COMMENT '所属上级',
  `name` varchar(20) NOT NULL DEFAULT '' COMMENT '名称',
  `type` tinyint(3) NOT NULL DEFAULT '0' COMMENT '类型(1:菜单,2:按钮)',
  `permission_value` varchar(50) DEFAULT NULL COMMENT '权限值',
  `path` varchar(100) DEFAULT NULL COMMENT '访问路径',
  `component` varchar(100) DEFAULT NULL COMMENT '组件路径',
  `icon` varchar(50) DEFAULT NULL COMMENT '图标',
  `status` tinyint(4) DEFAULT NULL COMMENT '状态(0:禁止,1:正常)',
  `is_deleted` tinyint(1) unsigned NOT NULL DEFAULT '0' COMMENT '逻辑删除 1（true）已删除， 0（false）未删除',
  `gmt_create` datetime DEFAULT NULL COMMENT '创建时间',
  `gmt_modified` datetime DEFAULT NULL COMMENT '更新时间',
  PRIMARY KEY (`id`),
  KEY `idx_pid` (`pid`)
) ENGINE=InnoDB DEFAULT CHARSET=utf8mb4 COMMENT='权限';

/*Data for the table `acl_permission` */

insert  into `acl_permission`(`id`,`pid`,`name`,`type`,`permission_value`,`path`,`component`,`icon`,`status`,`is_deleted`,`gmt_create`,`gmt_modified`) values 
('1','0','全部数据',0,NULL,NULL,NULL,NULL,NULL,0,'2019-11-15 17:13:06','2019-11-15 17:13:06'),
('1195268474480156673','1','权限管理',1,NULL,'/acl','Layout',NULL,NULL,0,'2019-11-15 17:13:06','2019-11-18 13:54:25'),
('1195268616021139457','1195268474480156673','用户管理',1,NULL,'user/list','/acl/user/list',NULL,NULL,0,'2019-11-15 17:13:40','2019-11-18 13:53:12'),
('1195268788138598401','1195268474480156673','角色管理',1,NULL,'role/list','/acl/role/list',NULL,NULL,0,'2019-11-15 17:14:21','2019-11-15 17:14:21'),
('1195268893830864898','1195268474480156673','菜单管理',1,NULL,'menu/list','/acl/menu/list',NULL,NULL,0,'2019-11-15 17:14:46','2019-11-15 17:14:46'),
('1195269143060602882','1195268616021139457','查看',2,'user.list','','',NULL,NULL,0,'2019-11-15 17:15:45','2019-11-17 21:57:16'),
('1195269295926206466','1195268616021139457','添加',2,'user.add','user/add','/acl/user/form',NULL,NULL,0,'2019-11-15 17:16:22','2019-11-15 17:16:22'),
('1195269473479483394','1195268616021139457','修改',2,'user.update','user/update/:id','/acl/user/form',NULL,NULL,0,'2019-11-15 17:17:04','2019-11-15 17:17:04'),
('1195269547269873666','1195268616021139457','删除',2,'user.remove','','',NULL,NULL,0,'2019-11-15 17:17:22','2019-11-15 17:17:22'),
('1195269821262782465','1195268788138598401','修改',2,'role.update','role/update/:id','/acl/role/form',NULL,NULL,0,'2019-11-15 17:18:27','2019-11-15 17:19:53'),
('1195269903542444034','1195268788138598401','查看',2,'role.list','','',NULL,NULL,0,'2019-11-15 17:18:47','2019-11-15 17:18:47'),
('1195270037005197313','1195268788138598401','添加',2,'role.add','role/add','/acl/role/form',NULL,NULL,0,'2019-11-15 17:19:19','2019-11-18 11:05:42'),
('1195270442602782721','1195268788138598401','删除',2,'role.remove','','',NULL,NULL,0,'2019-11-15 17:20:55','2019-11-15 17:20:55'),
('1195270621548568578','1195268788138598401','角色权限',2,'role.acl','role/distribution/:id','/acl/role/roleForm',NULL,NULL,0,'2019-11-15 17:21:38','2019-11-15 17:21:38'),
('1195270744097742849','1195268893830864898','查看',2,'permission.list','','',NULL,NULL,0,'2019-11-15 17:22:07','2019-11-15 17:22:07'),
('1195270810560684034','1195268893830864898','添加',2,'permission.add','','',NULL,NULL,0,'2019-11-15 17:22:23','2019-11-15 17:22:23'),
('1195270862100291586','1195268893830864898','修改',2,'permission.update','','',NULL,NULL,0,'2019-11-15 17:22:35','2019-11-15 17:22:35'),
('1195270887933009922','1195268893830864898','删除',2,'permission.remove','','',NULL,NULL,0,'2019-11-15 17:22:41','2019-11-15 17:22:41'),
('1195349439240048642','1','讲师管理',1,NULL,'/teacher','Layout',NULL,NULL,0,'2019-11-15 22:34:49','2019-11-15 22:34:49'),
('1195349699995734017','1195349439240048642','讲师列表',1,NULL,'list','/edu/teacher/list',NULL,NULL,0,'2019-11-15 22:35:52','2019-11-15 22:35:52'),
('1195349810561781761','1195349439240048642','添加讲师',1,NULL,'save','/edu/teacher/save',NULL,NULL,0,'2019-11-15 22:36:18','2019-11-15 22:36:18'),
('1195349876252971010','1195349810561781761','添加',2,'teacher.add','','',NULL,NULL,0,'2019-11-15 22:36:34','2019-11-15 22:36:34'),
('1195349979797753857','1195349699995734017','查看',2,'teacher.list','','',NULL,NULL,0,'2019-11-15 22:36:58','2019-11-15 22:36:58'),
('1195350117270261762','1195349699995734017','修改',2,'teacher.update','edit/:id','/edu/teacher/save',NULL,NULL,0,'2019-11-15 22:37:31','2019-11-15 22:37:31'),
('1195350188359520258','1195349699995734017','删除',2,'teacher.remove','','',NULL,NULL,0,'2019-11-15 22:37:48','2019-11-15 22:37:48'),
('1195350299365969922','1','课程分类',1,NULL,'/subject','Layout',NULL,NULL,0,'2019-11-15 22:38:15','2019-11-15 22:38:15'),
('1195350397751758850','1195350299365969922','课程分类列表',1,NULL,'list','/edu/subject/list',NULL,NULL,0,'2019-11-15 22:38:38','2019-11-15 22:38:38'),
('1195350500512206850','1195350299365969922','导入课程分类',1,NULL,'save','/edu/subject/save',NULL,NULL,0,'2019-11-15 22:39:03','2019-11-15 22:39:03'),
('1195350612172967938','1195350397751758850','查看',2,'subject.list','','',NULL,NULL,0,'2019-11-15 22:39:29','2019-11-15 22:39:29'),
('1195350687590748161','1195350500512206850','导入',2,'subject.import','','',NULL,NULL,0,'2019-11-15 22:39:47','2019-11-15 22:39:47'),
('1195350831744782337','1','课程管理',1,NULL,'/course','Layout',NULL,NULL,0,'2019-11-15 22:40:21','2019-11-15 22:40:21'),
('1195350919074385921','1195350831744782337','课程列表',1,NULL,'list','/edu/course/list',NULL,NULL,0,'2019-11-15 22:40:42','2019-11-15 22:40:42'),
('1195351020463296513','1195350831744782337','发布课程',1,NULL,'info','/edu/course/info',NULL,NULL,0,'2019-11-15 22:41:06','2019-11-15 22:41:06'),
('1195351159672246274','1195350919074385921','完成发布',2,'course.publish','publish/:id','/edu/course/publish',NULL,NULL,0,'2019-11-15 22:41:40','2019-11-15 22:44:01'),
('1195351326706208770','1195350919074385921','编辑课程',2,'course.update','info/:id','/edu/course/info',NULL,NULL,0,'2019-11-15 22:42:19','2019-11-15 22:42:19'),
('1195351566221938690','1195350919074385921','编辑课程大纲',2,'chapter.update','chapter/:id','/edu/course/chapter',NULL,NULL,0,'2019-11-15 22:43:17','2019-11-15 22:43:17'),
('1195351862889254913','1','统计分析',1,NULL,'/sta','Layout',NULL,NULL,0,'2019-11-15 22:44:27','2019-11-15 22:44:27'),
('1195351968841568257','1195351862889254913','生成统计',1,NULL,'create','/sta/create',NULL,NULL,0,'2019-11-15 22:44:53','2019-11-15 22:44:53'),
('1195352054917074946','1195351862889254913','统计图表',1,NULL,'show','/sta/show',NULL,NULL,0,'2019-11-15 22:45:13','2019-11-15 22:45:13'),
('1195352127734386690','1195352054917074946','查看',2,'daily.list','','',NULL,NULL,0,'2019-11-15 22:45:30','2019-11-15 22:45:30'),
('1195352215768633346','1195351968841568257','生成',2,'daily.add','','',NULL,NULL,0,'2019-11-15 22:45:51','2019-11-15 22:45:51'),
('1195352547621965825','1','CMS管理',1,NULL,'/cms','Layout',NULL,NULL,0,'2019-11-15 22:47:11','2019-11-18 10:51:46'),
('1195352856645701633','1195353513549205505','查看',2,'banner.list','',NULL,NULL,NULL,0,'2019-11-15 22:48:24','2019-11-15 22:48:24'),
('1195352909401657346','1195353513549205505','添加',2,'banner.add','banner/add','/cms/banner/form',NULL,NULL,0,'2019-11-15 22:48:37','2019-11-18 10:52:10'),
('1195353051395624961','1195353513549205505','修改',2,'banner.update','banner/update/:id','/cms/banner/form',NULL,NULL,0,'2019-11-15 22:49:11','2019-11-18 10:52:05'),
('1195353513549205505','1195352547621965825','Bander列表',1,NULL,'banner/list','/cms/banner/list',NULL,NULL,0,'2019-11-15 22:51:01','2019-11-18 10:51:29'),
('1195353672110673921','1195353513549205505','删除',2,'banner.remove','','',NULL,NULL,0,'2019-11-15 22:51:39','2019-11-15 22:51:39'),
('1195354076890370050','1','订单管理',1,NULL,'/order','Layout',NULL,NULL,0,'2019-11-15 22:53:15','2019-11-15 22:53:15'),
('1195354153482555393','1195354076890370050','订单列表',1,NULL,'list','/order/list',NULL,NULL,0,'2019-11-15 22:53:33','2019-11-15 22:53:58'),
('1195354315093282817','1195354153482555393','查看',2,'order.list','','',NULL,NULL,0,'2019-11-15 22:54:12','2019-11-15 22:54:12'),
('1196301740985311234','1195268616021139457','分配角色',2,'user.assgin','user/role/:id','/acl/user/roleForm',NULL,NULL,0,'2019-11-18 13:38:56','2019-11-18 13:38:56');

/*Table structure for table `acl_role` */

DROP TABLE IF EXISTS `acl_role`;

CREATE TABLE `acl_role` (
  `id` char(19) NOT NULL DEFAULT '' COMMENT '角色id',
  `role_name` varchar(20) NOT NULL DEFAULT '' COMMENT '角色名称',
  `role_code` varchar(20) DEFAULT NULL COMMENT '角色编码',
  `remark` varchar(255) DEFAULT NULL COMMENT '备注',
  `is_deleted` tinyint(1) unsigned NOT NULL DEFAULT '0' COMMENT '逻辑删除 1（true）已删除， 0（false）未删除',
  `gmt_create` datetime NOT NULL COMMENT '创建时间',
  `gmt_modified` datetime NOT NULL COMMENT '更新时间',
  PRIMARY KEY (`id`)
) ENGINE=InnoDB DEFAULT CHARSET=utf8;

/*Data for the table `acl_role` */

insert  into `acl_role`(`id`,`role_name`,`role_code`,`remark`,`is_deleted`,`gmt_create`,`gmt_modified`) values 
('1','普通管理员',NULL,NULL,0,'2019-11-11 13:09:32','2019-11-18 10:27:18'),
('1193757683205607426','课程管理员',NULL,NULL,0,'2019-11-11 13:09:45','2019-11-18 10:25:44'),
('1196300996034977794','test',NULL,NULL,0,'2019-11-18 13:35:58','2019-11-18 13:35:58'),
('1461681969409810434','test111111',NULL,NULL,0,'2021-11-19 21:05:13','2021-11-19 21:05:13');

/*Table structure for table `acl_role_permission` */

DROP TABLE IF EXISTS `acl_role_permission`;

CREATE TABLE `acl_role_permission` (
  `id` char(19) NOT NULL DEFAULT '',
  `role_id` char(19) NOT NULL DEFAULT '',
  `permission_id` char(19) NOT NULL DEFAULT '',
  `is_deleted` tinyint(1) unsigned NOT NULL DEFAULT '0' COMMENT '逻辑删除 1（true）已删除， 0（false）未删除',
  `gmt_create` datetime NOT NULL COMMENT '创建时间',
  `gmt_modified` datetime NOT NULL COMMENT '更新时间',
  PRIMARY KEY (`id`),
  KEY `idx_role_id` (`role_id`),
  KEY `idx_permission_id` (`permission_id`)
) ENGINE=InnoDB DEFAULT CHARSET=utf8 COMMENT='角色权限';

/*Data for the table `acl_role_permission` */

insert  into `acl_role_permission`(`id`,`role_id`,`permission_id`,`is_deleted`,`gmt_create`,`gmt_modified`) values 
('1196301979754455041','1','1',1,'2019-11-18 13:39:53','2019-11-18 13:39:53'),
('1196301979792203778','1','1195268474480156673',1,'2019-11-18 13:39:53','2019-11-18 13:39:53'),
('1196301979821563906','1','1195268616021139457',1,'2019-11-18 13:39:53','2019-11-18 13:39:53'),
('1196301979842535426','1','1195269143060602882',1,'2019-11-18 13:39:53','2019-11-18 13:39:53'),
('1196301979855118338','1','1195269295926206466',1,'2019-11-18 13:39:53','2019-11-18 13:39:53'),
('1196301979880284161','1','1195269473479483394',1,'2019-11-18 13:39:53','2019-11-18 13:39:53'),
('1196301979913838593','1','1195269547269873666',1,'2019-11-18 13:39:53','2019-11-18 13:39:53'),
('1196301979926421506','1','1196301740985311234',1,'2019-11-18 13:39:53','2019-11-18 13:39:53'),
('1196301979951587330','1','1195268788138598401',1,'2019-11-18 13:39:53','2019-11-18 13:39:53'),
('1196301980014501889','1','1195269821262782465',1,'2019-11-18 13:39:53','2019-11-18 13:39:53'),
('1196301980035473410','1','1195269903542444034',1,'2019-11-18 13:39:53','2019-11-18 13:39:53'),
('1196301980052250626','1','1195270037005197313',1,'2019-11-18 13:39:53','2019-11-18 13:39:53'),
('1196301980077416450','1','1195270442602782721',1,'2019-11-18 13:39:53','2019-11-18 13:39:53'),
('1196301980094193665','1','1195270621548568578',1,'2019-11-18 13:39:53','2019-11-18 13:39:53'),
('1196301980119359489','1','1195268893830864898',1,'2019-11-18 13:39:53','2019-11-18 13:39:53'),
('1196301980136136706','1','1195270744097742849',1,'2019-11-18 13:39:53','2019-11-18 13:39:53'),
('1196301980249382913','1','1195270810560684034',1,'2019-11-18 13:39:53','2019-11-18 13:39:53'),
('1196301980270354434','1','1195270862100291586',1,'2019-11-18 13:39:53','2019-11-18 13:39:53'),
('1196301980287131649','1','1195270887933009922',1,'2019-11-18 13:39:53','2019-11-18 13:39:53'),
('1196301980303908866','1','1195349439240048642',1,'2019-11-18 13:39:53','2019-11-18 13:39:53'),
('1196301980320686082','1','1195349699995734017',1,'2019-11-18 13:39:53','2019-11-18 13:39:53'),
('1196301980345851905','1','1195349979797753857',1,'2019-11-18 13:39:53','2019-11-18 13:39:53'),
('1196301980362629121','1','1195350117270261762',1,'2019-11-18 13:39:53','2019-11-18 13:39:53'),
('1196301980383600641','1','1195350188359520258',1,'2019-11-18 13:39:53','2019-11-18 13:39:53'),
('1196301980408766465','1','1195349810561781761',1,'2019-11-18 13:39:53','2019-11-18 13:39:53'),
('1196301980421349378','1','1195349876252971010',1,'2019-11-18 13:39:53','2019-11-18 13:39:53'),
('1196301980438126593','1','1195350299365969922',1,'2019-11-18 13:39:53','2019-11-18 13:39:53'),
('1196301980450709506','1','1195350397751758850',1,'2019-11-18 13:39:53','2019-11-18 13:39:53'),
('1196301980501041153','1','1195350612172967938',1,'2019-11-18 13:39:53','2019-11-18 13:39:53'),
('1196301980517818370','1','1195350500512206850',1,'2019-11-18 13:39:53','2019-11-18 13:39:53'),
('1196301980538789889','1','1195350687590748161',1,'2019-11-18 13:39:53','2019-11-18 13:39:53'),
('1196301980622675970','1','1195350831744782337',1,'2019-11-18 13:39:53','2019-11-18 13:39:53'),
('1196301980639453186','1','1195350919074385921',1,'2019-11-18 13:39:53','2019-11-18 13:39:53'),
('1196301980660424705','1','1195351159672246274',1,'2019-11-18 13:39:53','2019-11-18 13:39:53'),
('1196301980677201922','1','1195351326706208770',1,'2019-11-18 13:39:53','2019-11-18 13:39:53'),
('1196301980698173441','1','1195351566221938690',1,'2019-11-18 13:39:53','2019-11-18 13:39:53'),
('1196301980714950658','1','1195351020463296513',1,'2019-11-18 13:39:53','2019-11-18 13:39:53'),
('1196301980723339266','1','1195351862889254913',1,'2019-11-18 13:39:53','2019-11-18 13:39:53'),
('1196301980744310786','1','1195351968841568257',1,'2019-11-18 13:39:53','2019-11-18 13:39:53'),
('1196301980761088001','1','1195352215768633346',1,'2019-11-18 13:39:53','2019-11-18 13:39:53'),
('1196301980777865217','1','1195352054917074946',1,'2019-11-18 13:39:53','2019-11-18 13:39:53'),
('1196301980794642434','1','1195352127734386690',1,'2019-11-18 13:39:53','2019-11-18 13:39:53'),
('1196301980811419650','1','1195352547621965825',1,'2019-11-18 13:39:53','2019-11-18 13:39:53'),
('1196301980828196865','1','1195353513549205505',1,'2019-11-18 13:39:53','2019-11-18 13:39:53'),
('1196301980844974082','1','1195352856645701633',1,'2019-11-18 13:39:53','2019-11-18 13:39:53'),
('1196301980861751298','1','1195352909401657346',1,'2019-11-18 13:39:53','2019-11-18 13:39:53'),
('1196301980886917122','1','1195353051395624961',1,'2019-11-18 13:39:53','2019-11-18 13:39:53'),
('1196301980928860162','1','1195353672110673921',1,'2019-11-18 13:39:53','2019-11-18 13:39:53'),
('1196301980954025986','1','1195354076890370050',1,'2019-11-18 13:39:53','2019-11-18 13:39:53'),
('1196301980970803201','1','1195354153482555393',1,'2019-11-18 13:39:53','2019-11-18 13:39:53'),
('1196301980987580418','1','1195354315093282817',1,'2019-11-18 13:39:53','2019-11-18 13:39:53'),
('1196305293070077953','1','1',1,'2019-11-18 13:53:03','2019-11-18 13:53:03'),
('1196305293099438081','1','1195268474480156673',1,'2019-11-18 13:53:03','2019-11-18 13:53:03'),
('1196305293120409602','1','1195268616021139457',1,'2019-11-18 13:53:03','2019-11-18 13:53:03'),
('1196305293153964034','1','1195269143060602882',1,'2019-11-18 13:53:03','2019-11-18 13:53:03'),
('1196305293183324162','1','1195269295926206466',1,'2019-11-18 13:53:03','2019-11-18 13:53:03'),
('1196305293212684290','1','1195269473479483394',1,'2019-11-18 13:53:03','2019-11-18 13:53:03'),
('1196305293237850114','1','1195269547269873666',1,'2019-11-18 13:53:03','2019-11-18 13:53:03'),
('1196305293271404545','1','1196301740985311234',1,'2019-11-18 13:53:03','2019-11-18 13:53:03'),
('1196305293485314049','1','1195268788138598401',1,'2019-11-18 13:53:03','2019-11-18 13:53:03'),
('1196305293506285569','1','1195269821262782465',1,'2019-11-18 13:53:03','2019-11-18 13:53:03'),
('1196305293527257089','1','1195269903542444034',1,'2019-11-18 13:53:03','2019-11-18 13:53:03'),
('1196305293552422914','1','1195270037005197313',1,'2019-11-18 13:53:03','2019-11-18 13:53:03'),
('1196305293565005825','1','1195270442602782721',1,'2019-11-18 13:53:03','2019-11-18 13:53:03'),
('1196305293594365954','1','1195270621548568578',1,'2019-11-18 13:53:03','2019-11-18 13:53:03'),
('1196305293611143169','1','1195268893830864898',1,'2019-11-18 13:53:03','2019-11-18 13:53:03'),
('1196305293627920385','1','1195270744097742849',1,'2019-11-18 13:53:03','2019-11-18 13:53:03'),
('1196305293657280513','1','1195349439240048642',1,'2019-11-18 13:53:03','2019-11-18 13:53:03'),
('1196305293674057729','1','1195349699995734017',1,'2019-11-18 13:53:03','2019-11-18 13:53:03'),
('1196305293690834946','1','1195349979797753857',1,'2019-11-18 13:53:03','2019-11-18 13:53:03'),
('1196305293716000770','1','1195350117270261762',1,'2019-11-18 13:53:03','2019-11-18 13:53:03'),
('1196305293736972290','1','1195350188359520258',1,'2019-11-18 13:53:03','2019-11-18 13:53:03'),
('1196305293749555202','1','1195349810561781761',1,'2019-11-18 13:53:03','2019-11-18 13:53:03'),
('1196305293766332417','1','1195349876252971010',1,'2019-11-18 13:53:03','2019-11-18 13:53:03'),
('1196305293795692546','1','1195350299365969922',1,'2019-11-18 13:53:03','2019-11-18 13:53:03'),
('1196305293812469762','1','1195350397751758850',1,'2019-11-18 13:53:03','2019-11-18 13:53:03'),
('1196305293837635586','1','1195350612172967938',1,'2019-11-18 13:53:03','2019-11-18 13:53:03'),
('1196305293858607106','1','1195350500512206850',1,'2019-11-18 13:53:03','2019-11-18 13:53:03'),
('1196305293875384322','1','1195350687590748161',1,'2019-11-18 13:53:03','2019-11-18 13:53:03'),
('1196305293892161538','1','1195350831744782337',1,'2019-11-18 13:53:03','2019-11-18 13:53:03'),
('1196305293950881794','1','1195350919074385921',1,'2019-11-18 13:53:03','2019-11-18 13:53:03'),
('1196305293976047617','1','1195351159672246274',1,'2019-11-18 13:53:03','2019-11-18 13:53:03'),
('1196305294127042561','1','1195351326706208770',1,'2019-11-18 13:53:03','2019-11-18 13:53:03'),
('1196305294156402690','1','1195351566221938690',1,'2019-11-18 13:53:03','2019-11-18 13:53:03'),
('1196305294177374209','1','1195351862889254913',1,'2019-11-18 13:53:03','2019-11-18 13:53:03'),
('1196305294194151425','1','1195351968841568257',1,'2019-11-18 13:53:03','2019-11-18 13:53:03'),
('1196305294223511554','1','1195352215768633346',1,'2019-11-18 13:53:03','2019-11-18 13:53:03'),
('1196305294240288770','1','1195352054917074946',1,'2019-11-18 13:53:03','2019-11-18 13:53:03'),
('1196305294248677377','1','1195352127734386690',1,'2019-11-18 13:53:03','2019-11-18 13:53:03'),
('1196305294248677378','1','1195352547621965825',1,'2019-11-18 13:53:03','2019-11-18 13:53:03'),
('1196305294319980546','1','1195353513549205505',1,'2019-11-18 13:53:03','2019-11-18 13:53:03'),
('1196305294319980547','1','1195352856645701633',1,'2019-11-18 13:53:03','2019-11-18 13:53:03'),
('1196305294319980548','1','1195352909401657346',1,'2019-11-18 13:53:03','2019-11-18 13:53:03'),
('1196305294378700802','1','1195353051395624961',1,'2019-11-18 13:53:03','2019-11-18 13:53:03'),
('1196305294378700803','1','1195353672110673921',1,'2019-11-18 13:53:03','2019-11-18 13:53:03'),
('1196305294458392577','1','1195354076890370050',1,'2019-11-18 13:53:03','2019-11-18 13:53:03'),
('1196305294483558402','1','1195354153482555393',1,'2019-11-18 13:53:03','2019-11-18 13:53:03'),
('1196305294500335618','1','1195354315093282817',1,'2019-11-18 13:53:03','2019-11-18 13:53:03'),
('1196305566656139266','1','1',1,'2019-11-18 13:54:08','2019-11-18 13:54:08'),
('1196305566689693698','1','1195268474480156673',1,'2019-11-18 13:54:08','2019-11-18 13:54:08'),
('1196305566706470913','1','1195268616021139457',1,'2019-11-18 13:54:08','2019-11-18 13:54:08'),
('1196305566740025346','1','1195269143060602882',1,'2019-11-18 13:54:08','2019-11-18 13:54:08'),
('1196305566756802561','1','1195269295926206466',1,'2019-11-18 13:54:08','2019-11-18 13:54:08'),
('1196305566781968385','1','1195269473479483394',1,'2019-11-18 13:54:08','2019-11-18 13:54:08'),
('1196305566811328514','1','1195269547269873666',1,'2019-11-18 13:54:08','2019-11-18 13:54:08'),
('1196305566828105730','1','1196301740985311234',1,'2019-11-18 13:54:08','2019-11-18 13:54:08'),
('1196305566853271554','1','1195268788138598401',1,'2019-11-18 13:54:08','2019-11-18 13:54:08'),
('1196305566878437378','1','1195269821262782465',1,'2019-11-18 13:54:08','2019-11-18 13:54:08'),
('1196305566895214593','1','1195269903542444034',1,'2019-11-18 13:54:08','2019-11-18 13:54:08'),
('1196305566916186113','1','1195270037005197313',1,'2019-11-18 13:54:08','2019-11-18 13:54:08'),
('1196305566949740546','1','1195270442602782721',1,'2019-11-18 13:54:08','2019-11-18 13:54:08'),
('1196305566966517761','1','1195270621548568578',1,'2019-11-18 13:54:08','2019-11-18 13:54:08'),
('1196305566991683585','1','1195268893830864898',1,'2019-11-18 13:54:08','2019-11-18 13:54:08'),
('1196305567012655106','1','1195270744097742849',1,'2019-11-18 13:54:08','2019-11-18 13:54:08'),
('1196305567029432322','1','1195270810560684034',1,'2019-11-18 13:54:08','2019-11-18 13:54:08'),
('1196305567042015233','1','1195270862100291586',1,'2019-11-18 13:54:08','2019-11-18 13:54:08'),
('1196305567100735490','1','1195270887933009922',1,'2019-11-18 13:54:08','2019-11-18 13:54:08'),
('1196305567117512705','1','1195349439240048642',1,'2019-11-18 13:54:08','2019-11-18 13:54:08'),
('1196305567142678530','1','1195349699995734017',1,'2019-11-18 13:54:08','2019-11-18 13:54:08'),
('1196305567155261442','1','1195349979797753857',1,'2019-11-18 13:54:08','2019-11-18 13:54:08'),
('1196305567172038658','1','1195350117270261762',1,'2019-11-18 13:54:08','2019-11-18 13:54:08'),
('1196305567188815873','1','1195350188359520258',1,'2019-11-18 13:54:08','2019-11-18 13:54:08'),
('1196305567218176001','1','1195349810561781761',1,'2019-11-18 13:54:08','2019-11-18 13:54:08'),
('1196305567234953217','1','1195349876252971010',1,'2019-11-18 13:54:08','2019-11-18 13:54:08'),
('1196305567251730434','1','1195350299365969922',1,'2019-11-18 13:54:08','2019-11-18 13:54:08'),
('1196305567272701954','1','1195350397751758850',1,'2019-11-18 13:54:08','2019-11-18 13:54:08'),
('1196305567289479170','1','1195350612172967938',1,'2019-11-18 13:54:08','2019-11-18 13:54:08'),
('1196305567310450690','1','1195350500512206850',1,'2019-11-18 13:54:08','2019-11-18 13:54:08'),
('1196305567327227905','1','1195350687590748161',1,'2019-11-18 13:54:08','2019-11-18 13:54:08'),
('1196305567448862722','1','1195350831744782337',1,'2019-11-18 13:54:08','2019-11-18 13:54:08'),
('1196305567478222850','1','1195350919074385921',1,'2019-11-18 13:54:08','2019-11-18 13:54:08'),
('1196305567495000065','1','1195351159672246274',1,'2019-11-18 13:54:08','2019-11-18 13:54:08'),
('1196305567520165889','1','1195351326706208770',1,'2019-11-18 13:54:08','2019-11-18 13:54:08'),
('1196305567541137409','1','1195351566221938690',1,'2019-11-18 13:54:08','2019-11-18 13:54:08'),
('1196305567570497538','1','1195351862889254913',1,'2019-11-18 13:54:08','2019-11-18 13:54:08'),
('1196305567587274754','1','1195351968841568257',1,'2019-11-18 13:54:08','2019-11-18 13:54:08'),
('1196305567604051970','1','1195352215768633346',1,'2019-11-18 13:54:08','2019-11-18 13:54:08'),
('1196305567633412098','1','1195352054917074946',1,'2019-11-18 13:54:08','2019-11-18 13:54:08'),
('1196305567683743745','1','1195352127734386690',1,'2019-11-18 13:54:08','2019-11-18 13:54:08'),
('1196305567721492481','1','1195352547621965825',1,'2019-11-18 13:54:08','2019-11-18 13:54:08'),
('1196305567742464002','1','1195353513549205505',1,'2019-11-18 13:54:08','2019-11-18 13:54:08'),
('1196305567771824129','1','1195352856645701633',1,'2019-11-18 13:54:08','2019-11-18 13:54:08'),
('1196305567792795650','1','1195352909401657346',1,'2019-11-18 13:54:08','2019-11-18 13:54:08'),
('1196305567809572866','1','1195353051395624961',1,'2019-11-18 13:54:08','2019-11-18 13:54:08'),
('1196305567843127298','1','1195353672110673921',1,'2019-11-18 13:54:08','2019-11-18 13:54:08'),
('1196305567868293122','1','1195354076890370050',1,'2019-11-18 13:54:08','2019-11-18 13:54:08'),
('1196305567885070338','1','1195354153482555393',1,'2019-11-18 13:54:08','2019-11-18 13:54:08'),
('1196305567910236162','1','1195354315093282817',1,'2019-11-18 13:54:08','2019-11-18 13:54:08'),
('1196312702601695234','1','1',0,'2019-11-18 14:22:29','2019-11-18 14:22:29'),
('1196312702652026881','1','1195268474480156673',0,'2019-11-18 14:22:29','2019-11-18 14:22:29'),
('1196312702668804098','1','1195268616021139457',0,'2019-11-18 14:22:29','2019-11-18 14:22:29'),
('1196312702698164226','1','1195269143060602882',0,'2019-11-18 14:22:29','2019-11-18 14:22:29'),
('1196312702723330049','1','1195269295926206466',0,'2019-11-18 14:22:29','2019-11-18 14:22:29'),
('1196312702744301569','1','1195269473479483394',0,'2019-11-18 14:22:29','2019-11-18 14:22:29'),
('1196312702765273089','1','1195269547269873666',0,'2019-11-18 14:22:29','2019-11-18 14:22:29'),
('1196312702790438913','1','1196301740985311234',0,'2019-11-18 14:22:29','2019-11-18 14:22:29'),
('1196312702945628161','1','1195268788138598401',0,'2019-11-18 14:22:29','2019-11-18 14:22:29'),
('1196312702970793985','1','1195269821262782465',0,'2019-11-18 14:22:29','2019-11-18 14:22:29'),
('1196312703000154114','1','1195269903542444034',0,'2019-11-18 14:22:29','2019-11-18 14:22:29'),
('1196312703025319938','1','1195270037005197313',0,'2019-11-18 14:22:29','2019-11-18 14:22:29'),
('1196312703046291458','1','1195270442602782721',0,'2019-11-18 14:22:29','2019-11-18 14:22:29'),
('1196312703063068673','1','1195270621548568578',0,'2019-11-18 14:22:29','2019-11-18 14:22:29'),
('1196312703084040193','1','1195268893830864898',0,'2019-11-18 14:22:29','2019-11-18 14:22:29'),
('1196312703113400321','1','1195270744097742849',0,'2019-11-18 14:22:29','2019-11-18 14:22:29'),
('1196312703134371842','1','1195270810560684034',0,'2019-11-18 14:22:30','2019-11-18 14:22:30'),
('1196312703159537665','1','1195270862100291586',0,'2019-11-18 14:22:30','2019-11-18 14:22:30'),
('1196312703184703490','1','1195270887933009922',0,'2019-11-18 14:22:30','2019-11-18 14:22:30'),
('1196312703209869313','1','1195349439240048642',0,'2019-11-18 14:22:30','2019-11-18 14:22:30'),
('1196312703230840834','1','1195349699995734017',0,'2019-11-18 14:22:30','2019-11-18 14:22:30'),
('1196312703251812354','1','1195349979797753857',0,'2019-11-18 14:22:30','2019-11-18 14:22:30'),
('1196312703272783873','1','1195350117270261762',0,'2019-11-18 14:22:30','2019-11-18 14:22:30'),
('1196312703293755394','1','1195350188359520258',0,'2019-11-18 14:22:30','2019-11-18 14:22:30'),
('1196312703327309826','1','1195349810561781761',0,'2019-11-18 14:22:30','2019-11-18 14:22:30'),
('1196312703348281345','1','1195349876252971010',0,'2019-11-18 14:22:30','2019-11-18 14:22:30'),
('1196312703365058561','1','1195350299365969922',0,'2019-11-18 14:22:30','2019-11-18 14:22:30'),
('1196312703386030082','1','1195350397751758850',0,'2019-11-18 14:22:30','2019-11-18 14:22:30'),
('1196312703440556034','1','1195350612172967938',0,'2019-11-18 14:22:30','2019-11-18 14:22:30'),
('1196312703486693378','1','1195350500512206850',0,'2019-11-18 14:22:30','2019-11-18 14:22:30'),
('1196312703511859202','1','1195350687590748161',0,'2019-11-18 14:22:30','2019-11-18 14:22:30'),
('1196312703654465537','1','1195350831744782337',0,'2019-11-18 14:22:30','2019-11-18 14:22:30'),
('1196312703683825665','1','1195350919074385921',0,'2019-11-18 14:22:30','2019-11-18 14:22:30'),
('1196312703700602882','1','1195351159672246274',0,'2019-11-18 14:22:30','2019-11-18 14:22:30'),
('1196312703717380098','1','1195351326706208770',0,'2019-11-18 14:22:30','2019-11-18 14:22:30'),
('1196312703738351618','1','1195351566221938690',0,'2019-11-18 14:22:30','2019-11-18 14:22:30'),
('1196312703759323137','1','1195351020463296513',0,'2019-11-18 14:22:30','2019-11-18 14:22:30'),
('1196312703776100353','1','1195351862889254913',0,'2019-11-18 14:22:30','2019-11-18 14:22:30'),
('1196312703792877570','1','1195351968841568257',0,'2019-11-18 14:22:30','2019-11-18 14:22:30'),
('1196312703830626305','1','1195352215768633346',0,'2019-11-18 14:22:30','2019-11-18 14:22:30'),
('1196312703843209217','1','1195352054917074946',0,'2019-11-18 14:22:30','2019-11-18 14:22:30'),
('1196312703868375041','1','1195352127734386690',0,'2019-11-18 14:22:30','2019-11-18 14:22:30'),
('1196312703889346561','1','1195352547621965825',0,'2019-11-18 14:22:30','2019-11-18 14:22:30'),
('1196312703901929473','1','1195353513549205505',0,'2019-11-18 14:22:30','2019-11-18 14:22:30'),
('1196312703918706689','1','1195352856645701633',0,'2019-11-18 14:22:30','2019-11-18 14:22:30'),
('1196312703952261121','1','1195352909401657346',0,'2019-11-18 14:22:30','2019-11-18 14:22:30'),
('1196312703973232642','1','1195353051395624961',0,'2019-11-18 14:22:30','2019-11-18 14:22:30'),
('1196312703990009857','1','1195353672110673921',0,'2019-11-18 14:22:30','2019-11-18 14:22:30'),
('1196312704048730114','1','1195354076890370050',0,'2019-11-18 14:22:30','2019-11-18 14:22:30'),
('1196312704069701633','1','1195354153482555393',0,'2019-11-18 14:22:30','2019-11-18 14:22:30'),
('1196312704094867457','1','1195354315093282817',0,'2019-11-18 14:22:30','2019-11-18 14:22:30'),
('1461682000078561282','1461681969409810434','1195268616021139457',0,'2021-11-19 21:05:20','2021-11-19 21:05:20'),
('1461682000204390401','1461681969409810434','1195269143060602882',0,'2021-11-19 21:05:20','2021-11-19 21:05:20'),
('1461682000204390402','1461681969409810434','1195269295926206466',0,'2021-11-19 21:05:20','2021-11-19 21:05:20'),
('1461682000204390403','1461681969409810434','1195269473479483394',0,'2021-11-19 21:05:20','2021-11-19 21:05:20'),
('1461682000204390404','1461681969409810434','1195269547269873666',0,'2021-11-19 21:05:20','2021-11-19 21:05:20'),
('1461682000204390405','1461681969409810434','1196301740985311234',0,'2021-11-19 21:05:20','2021-11-19 21:05:20'),
('1461682000204390406','1461681969409810434','1195268788138598401',0,'2021-11-19 21:05:20','2021-11-19 21:05:20'),
('1461682000204390407','1461681969409810434','1195269821262782465',0,'2021-11-19 21:05:20','2021-11-19 21:05:20'),
('1461682000204390408','1461681969409810434','1195269903542444034',0,'2021-11-19 21:05:20','2021-11-19 21:05:20'),
('1461682000204390409','1461681969409810434','1195270037005197313',0,'2021-11-19 21:05:20','2021-11-19 21:05:20'),
('1461682000204390410','1461681969409810434','1195270442602782721',0,'2021-11-19 21:05:20','2021-11-19 21:05:20'),
('1461682000204390411','1461681969409810434','1195270621548568578',0,'2021-11-19 21:05:20','2021-11-19 21:05:20'),
('1461683715754418178','1461681969409810434','1195268893830864898',0,'2021-11-19 21:12:09','2021-11-19 21:12:09'),
('1461683715884441602','1461681969409810434','1195270744097742849',0,'2021-11-19 21:12:09','2021-11-19 21:12:09'),
('1461683715884441603','1461681969409810434','1195270810560684034',0,'2021-11-19 21:12:09','2021-11-19 21:12:09'),
('1461683715884441604','1461681969409810434','1195270862100291586',0,'2021-11-19 21:12:09','2021-11-19 21:12:09'),
('1461683715884441605','1461681969409810434','1195270887933009922',0,'2021-11-19 21:12:09','2021-11-19 21:12:09'),
('1461683715884441606','1461681969409810434','1195349439240048642',0,'2021-11-19 21:12:09','2021-11-19 21:12:09'),
('1461683715884441607','1461681969409810434','1195349699995734017',0,'2021-11-19 21:12:09','2021-11-19 21:12:09'),
('1461683715884441608','1461681969409810434','1195349979797753857',0,'2021-11-19 21:12:09','2021-11-19 21:12:09'),
('1461683715884441609','1461681969409810434','1195350117270261762',0,'2021-11-19 21:12:09','2021-11-19 21:12:09'),
('1461683715884441610','1461681969409810434','1195350188359520258',0,'2021-11-19 21:12:09','2021-11-19 21:12:09'),
('1461683715884441611','1461681969409810434','1195349810561781761',0,'2021-11-19 21:12:09','2021-11-19 21:12:09'),
('1461683715884441612','1461681969409810434','1195349876252971010',0,'2021-11-19 21:12:09','2021-11-19 21:12:09');

/*Table structure for table `acl_user` */

DROP TABLE IF EXISTS `acl_user`;

CREATE TABLE `acl_user` (
  `id` char(19) NOT NULL COMMENT '会员id',
  `username` varchar(20) NOT NULL DEFAULT '' COMMENT '微信openid',
  `password` varchar(32) NOT NULL DEFAULT '' COMMENT '密码',
  `nick_name` varchar(50) DEFAULT NULL COMMENT '昵称',
  `salt` varchar(255) DEFAULT NULL COMMENT '用户头像',
  `token` varchar(100) DEFAULT NULL COMMENT '用户签名',
  `is_deleted` tinyint(1) unsigned NOT NULL DEFAULT '0' COMMENT '逻辑删除 1（true）已删除， 0（false）未删除',
  `gmt_create` datetime NOT NULL COMMENT '创建时间',
  `gmt_modified` datetime NOT NULL COMMENT '更新时间',
  PRIMARY KEY (`id`),
  UNIQUE KEY `uk_username` (`username`)
) ENGINE=InnoDB DEFAULT CHARSET=utf8mb4 COMMENT='用户表';

/*Data for the table `acl_user` */

insert  into `acl_user`(`id`,`username`,`password`,`nick_name`,`salt`,`token`,`is_deleted`,`gmt_create`,`gmt_modified`) values 
('1','admin','96e79218965eb72c92a549dd5a330112','admin','',NULL,0,'2019-11-01 10:39:47','2019-11-01 10:39:47'),
('1461679243019935745','ITNXD','4681b3ae42d086387d05a937b5b70378','ITNXD',NULL,NULL,0,'2021-11-19 20:54:23','2021-11-19 20:54:23'),
('1461682295164624897','test111','96e79218965eb72c92a549dd5a330112','test111',NULL,NULL,0,'2021-11-19 21:06:31','2021-11-19 21:06:31'),
('2','test','96e79218965eb72c92a549dd5a330112','test',NULL,NULL,0,'2019-11-01 16:36:07','2019-11-01 16:40:08');

/*Table structure for table `acl_user_role` */

DROP TABLE IF EXISTS `acl_user_role`;

CREATE TABLE `acl_user_role` (
  `id` char(19) NOT NULL DEFAULT '' COMMENT '主键id',
  `role_id` char(19) NOT NULL DEFAULT '0' COMMENT '角色id',
  `user_id` char(19) NOT NULL DEFAULT '0' COMMENT '用户id',
  `is_deleted` tinyint(1) unsigned NOT NULL DEFAULT '0' COMMENT '逻辑删除 1（true）已删除， 0（false）未删除',
  `gmt_create` datetime NOT NULL COMMENT '创建时间',
  `gmt_modified` datetime NOT NULL COMMENT '更新时间',
  PRIMARY KEY (`id`),
  KEY `idx_role_id` (`role_id`),
  KEY `idx_user_id` (`user_id`)
) ENGINE=InnoDB DEFAULT CHARSET=utf8;

/*Data for the table `acl_user_role` */

insert  into `acl_user_role`(`id`,`role_id`,`user_id`,`is_deleted`,`gmt_create`,`gmt_modified`) values 
('1461679302872653826','1','1461679243019935745',0,'2021-11-19 20:54:37','2021-11-19 20:54:37'),
('1461679302939762689','1193757683205607426','1461679243019935745',0,'2021-11-19 20:54:37','2021-11-19 20:54:37'),
('1461679302939762690','1196300996034977794','1461679243019935745',0,'2021-11-19 20:54:37','2021-11-19 20:54:37'),
('1461682373707161602','1461681969409810434','2',0,'2021-11-19 21:06:49','2021-11-19 21:06:49'),
('1461682780646924290','1461681969409810434','1461682295164624897',0,'2021-11-19 21:08:26','2021-11-19 21:08:26');

/*Table structure for table `crm_banner` */

DROP TABLE IF EXISTS `crm_banner`;

CREATE TABLE `crm_banner` (
  `id` char(19) NOT NULL DEFAULT '' COMMENT 'ID',
  `title` varchar(20) DEFAULT '' COMMENT '标题',
  `image_url` varchar(500) NOT NULL DEFAULT '' COMMENT '图片地址',
  `link_url` varchar(500) DEFAULT '' COMMENT '链接地址',
  `sort` int(10) unsigned NOT NULL DEFAULT '0' COMMENT '排序',
  `is_deleted` tinyint(1) unsigned NOT NULL DEFAULT '0' COMMENT '逻辑删除 1（true）已删除， 0（false）未删除',
  `gmt_create` datetime NOT NULL COMMENT '创建时间',
  `gmt_modified` datetime NOT NULL COMMENT '更新时间',
  PRIMARY KEY (`id`),
  UNIQUE KEY `uk_name` (`title`)
) ENGINE=InnoDB DEFAULT CHARSET=utf8mb4 COMMENT='首页banner表';

/*Data for the table `crm_banner` */

insert  into `crm_banner`(`id`,`title`,`image_url`,`link_url`,`sort`,`is_deleted`,`gmt_create`,`gmt_modified`) values 
('1194556896025845762','test1','https://online-teach-file.oss-cn-beijing.aliyuncs.com/cms/2019/11/14/297acd3b-b592-4cfb-a446-a28310369675.jpg','/course',1,0,'2019-11-13 18:05:32','2019-11-18 10:28:22'),
('1194607458461216769','test2','https://online-teach-file.oss-cn-beijing.aliyuncs.com/cms/2019/11/13/8f80790d-d736-4842-a6a4-4dcb0d684d4e.jpg','/teacher',2,0,'2019-11-13 21:26:27','2019-11-14 09:12:15');

/*Table structure for table `edu_chapter` */

DROP TABLE IF EXISTS `edu_chapter`;

CREATE TABLE `edu_chapter` (
  `id` char(19) NOT NULL COMMENT '章节ID',
  `course_id` char(19) NOT NULL COMMENT '课程ID',
  `title` varchar(50) NOT NULL COMMENT '章节名称',
  `sort` int(10) unsigned NOT NULL DEFAULT '0' COMMENT '显示排序',
  `gmt_create` datetime NOT NULL COMMENT '创建时间',
  `gmt_modified` datetime NOT NULL COMMENT '更新时间',
  PRIMARY KEY (`id`),
  KEY `idx_course_id` (`course_id`)
) ENGINE=InnoDB DEFAULT CHARSET=utf8mb4 ROW_FORMAT=COMPACT COMMENT='课程';

/*Data for the table `edu_chapter` */

insert  into `edu_chapter`(`id`,`course_id`,`title`,`sort`,`gmt_create`,`gmt_modified`) values 
('1','14','第一章：HTML',0,'2019-01-01 12:27:40','2019-01-01 12:55:30'),
('1181729226915577857','18','第七章：I/O流',70,'2019-10-09 08:32:58','2019-10-09 08:33:20'),
('1192252428399751169','1192252213659774977','第一章节',0,'2019-11-07 09:28:25','2019-11-07 09:28:25'),
('1457326437375660034','1457284917560528898','第六',0,'2021-11-07 20:37:53','2021-11-07 20:39:29'),
('1457327208116768770','1457284917560528898','第九',0,'2021-11-07 20:40:57','2021-11-07 20:40:57'),
('1457327791754170369','1457284917560528898','第九就',1,'2021-11-07 20:43:16','2021-11-07 20:43:16'),
('1457343272993148930','1457343229514993665','第一章',0,'2021-11-07 21:44:47','2021-11-07 21:44:47'),
('1457351243781337090','1457343229514993665','第二章',1,'2021-11-07 22:16:27','2021-11-07 22:16:27'),
('1457358809794080769','1457358761614110721','第一章',1,'2021-11-07 22:46:31','2021-11-07 22:46:31'),
('1457511868650168322','1457511829919965186','第五章2345',0,'2021-11-08 08:54:43','2021-11-08 09:20:00'),
('1457515368067047425','1457511829919965186','纪炅',0,'2021-11-08 09:08:38','2021-11-08 09:14:44'),
('1457518259955769346','1457511829919965186','第六章',2,'2021-11-08 09:20:07','2021-11-08 09:20:07'),
('1457518547492085762','1457511829919965186','第五章',0,'2021-11-08 09:21:16','2021-11-08 09:21:16'),
('1457585521857339394','1457585467981504514','第一章',1,'2021-11-08 13:47:24','2021-11-08 13:47:24'),
('1457585615327404033','1457585467981504514','第二章',2,'2021-11-08 13:47:46','2021-11-08 13:47:46'),
('1457591890178154498','1457585467981504514','第三章',3,'2021-11-08 14:12:42','2021-11-08 14:12:42'),
('1457673836988166146','1457673806101311490','第一章',1,'2021-11-08 19:38:20','2021-11-08 19:38:20'),
('1457967190497370113','1457585467981504514','第四章',1,'2021-11-09 15:04:01','2021-11-09 15:04:01'),
('15','18','第一章：Java入门',0,'2019-01-01 12:27:40','2019-10-09 09:13:19'),
('3','14','第二章：CSS',0,'2019-01-01 12:55:35','2019-01-01 12:27:40'),
('32','18','第二章：控制台输入和输出',0,'2019-01-01 12:27:40','2019-01-01 12:27:40'),
('44','18','第三章：控制流',0,'2019-01-01 12:27:40','2019-01-01 12:27:40'),
('48','18','第四章：类的定义',0,'2019-01-01 12:27:40','2019-01-01 12:27:40'),
('63','18','第五章：数组',0,'2019-01-01 12:27:40','2019-01-01 12:27:40'),
('64','18','第六章：继承',61,'2019-01-01 12:27:40','2019-10-09 08:32:47');

/*Table structure for table `edu_comment` */

DROP TABLE IF EXISTS `edu_comment`;

CREATE TABLE `edu_comment` (
  `id` char(19) NOT NULL COMMENT '讲师ID',
  `course_id` varchar(19) NOT NULL DEFAULT '' COMMENT '课程id',
  `teacher_id` char(19) NOT NULL DEFAULT '' COMMENT '讲师id',
  `member_id` varchar(19) NOT NULL DEFAULT '' COMMENT '会员id',
  `nickname` varchar(50) DEFAULT NULL COMMENT '会员昵称',
  `avatar` varchar(255) DEFAULT NULL COMMENT '会员头像',
  `content` varchar(500) DEFAULT NULL COMMENT '评论内容',
  `is_deleted` tinyint(1) unsigned NOT NULL DEFAULT '0' COMMENT '逻辑删除 1（true）已删除， 0（false）未删除',
  `gmt_create` datetime NOT NULL COMMENT '创建时间',
  `gmt_modified` datetime NOT NULL COMMENT '更新时间',
  PRIMARY KEY (`id`),
  KEY `idx_course_id` (`course_id`),
  KEY `idx_teacher_id` (`teacher_id`),
  KEY `idx_member_id` (`member_id`)
) ENGINE=InnoDB DEFAULT CHARSET=utf8mb4 COMMENT='评论';

/*Data for the table `edu_comment` */

insert  into `edu_comment`(`id`,`course_id`,`teacher_id`,`member_id`,`nickname`,`avatar`,`content`,`is_deleted`,`gmt_create`,`gmt_modified`) values 
('1194499162790211585','1192252213659774977','1189389726308478977','1','小三123','http://thirdwx.qlogo.cn/mmopen/vi_32/DYAIOgq83eoj0hHXhgJNOTSOFsS4uZs8x1ConecaVOB8eIl115xmJZcT4oCicvia7wMEufibKtTLqiaJeanU2Lpg3w/132','课程很好',0,'2019-11-13 14:16:08','2019-11-13 14:16:08'),
('1194898406466420738','1192252213659774977','1189389726308478977','1','小三123','http://thirdwx.qlogo.cn/mmopen/vi_32/DYAIOgq83eoj0hHXhgJNOTSOFsS4uZs8x1ConecaVOB8eIl115xmJZcT4oCicvia7wMEufibKtTLqiaJeanU2Lpg3w/132','11',0,'2019-11-14 16:42:35','2019-11-14 16:42:35'),
('1194898484388200450','1192252213659774977','1189389726308478977','1','小三123','http://thirdwx.qlogo.cn/mmopen/vi_32/DYAIOgq83eoj0hHXhgJNOTSOFsS4uZs8x1ConecaVOB8eIl115xmJZcT4oCicvia7wMEufibKtTLqiaJeanU2Lpg3w/132','111',0,'2019-11-14 16:42:53','2019-11-14 16:42:53'),
('1195251020861317122','1192252213659774977','1189389726308478977','1',NULL,NULL,'2233',0,'2019-11-15 16:03:45','2019-11-15 16:03:45'),
('1195251382720700418','1192252213659774977','1189389726308478977','1',NULL,NULL,'4455',0,'2019-11-15 16:05:11','2019-11-15 16:05:11'),
('1195252819177570306','1192252213659774977','1189389726308478977','1','小三1231','http://thirdwx.qlogo.cn/mmopen/vi_32/DYAIOgq83eoj0hHXhgJNOTSOFsS4uZs8x1ConecaVOB8eIl115xmJZcT4oCicvia7wMEufibKtTLqiaJeanU2Lpg3w/132','55',0,'2019-11-15 16:10:53','2019-11-15 16:10:53'),
('1195252899448160258','1192252213659774977','1189389726308478977','1','小三1231','http://thirdwx.qlogo.cn/mmopen/vi_32/DYAIOgq83eoj0hHXhgJNOTSOFsS4uZs8x1ConecaVOB8eIl115xmJZcT4oCicvia7wMEufibKtTLqiaJeanU2Lpg3w/132','55',0,'2019-11-15 16:11:13','2019-11-15 16:11:13'),
('1195252920587452417','1192252213659774977','1189389726308478977','1','小三1231','http://thirdwx.qlogo.cn/mmopen/vi_32/DYAIOgq83eoj0hHXhgJNOTSOFsS4uZs8x1ConecaVOB8eIl115xmJZcT4oCicvia7wMEufibKtTLqiaJeanU2Lpg3w/132','223344',0,'2019-11-15 16:11:18','2019-11-15 16:11:18'),
('1195262128095559681','14','1189389726308478977','1','小三1231','http://thirdwx.qlogo.cn/mmopen/vi_32/DYAIOgq83eoj0hHXhgJNOTSOFsS4uZs8x1ConecaVOB8eIl115xmJZcT4oCicvia7wMEufibKtTLqiaJeanU2Lpg3w/132','11',0,'2019-11-15 16:47:53','2019-11-15 16:47:53'),
('1196264505170767874','1192252213659774977','1189389726308478977','1','小三1231','http://thirdwx.qlogo.cn/mmopen/vi_32/DYAIOgq83eoj0hHXhgJNOTSOFsS4uZs8x1ConecaVOB8eIl115xmJZcT4oCicvia7wMEufibKtTLqiaJeanU2Lpg3w/132','666666',0,'2019-11-18 11:10:58','2019-11-18 11:10:58'),
('1460059938954289153','1192252213659774977','','1459057491045318658','ITNXD','https://thirdwx.qlogo.cn/mmopen/vi_32/vcDVtNX5MMExoqQXlTIsHCDTlWGxshvyM4qsQE2jfjzecvYfVGiaTibxepPf4ZIT3CVMzbKI8mQ74GiaSmJR0QPYw/132','test',0,'2021-11-15 09:39:51','2021-11-15 09:39:51'),
('1460060011712880641','1192252213659774977','','1459057491045318658','ITNXD','https://thirdwx.qlogo.cn/mmopen/vi_32/vcDVtNX5MMExoqQXlTIsHCDTlWGxshvyM4qsQE2jfjzecvYfVGiaTibxepPf4ZIT3CVMzbKI8mQ74GiaSmJR0QPYw/132','哈哈哈哈',0,'2021-11-15 09:40:08','2021-11-15 09:40:08'),
('1460061771403763713','1192252213659774977','','1459057491045318658','ITNXD','https://thirdwx.qlogo.cn/mmopen/vi_32/vcDVtNX5MMExoqQXlTIsHCDTlWGxshvyM4qsQE2jfjzecvYfVGiaTibxepPf4ZIT3CVMzbKI8mQ74GiaSmJR0QPYw/132','小星星',0,'2021-11-15 09:47:08','2021-11-15 09:47:08');

/*Table structure for table `edu_course` */

DROP TABLE IF EXISTS `edu_course`;

CREATE TABLE `edu_course` (
  `id` char(19) NOT NULL COMMENT '课程ID',
  `teacher_id` char(19) NOT NULL COMMENT '课程讲师ID',
  `subject_id` char(19) NOT NULL COMMENT '课程专业ID',
  `subject_parent_id` char(19) DEFAULT NULL COMMENT '课程专业父级ID',
  `title` varchar(50) NOT NULL COMMENT '课程标题',
  `price` decimal(10,2) unsigned NOT NULL DEFAULT '0.00' COMMENT '课程销售价格，设置为0则可免费观看',
  `lesson_num` int(10) unsigned NOT NULL DEFAULT '0' COMMENT '总课时',
  `cover` varchar(255) CHARACTER SET utf8 NOT NULL COMMENT '课程封面图片路径',
  `buy_count` bigint(10) unsigned NOT NULL DEFAULT '0' COMMENT '销售数量',
  `view_count` bigint(10) unsigned NOT NULL DEFAULT '0' COMMENT '浏览数量',
  `version` bigint(20) unsigned NOT NULL DEFAULT '1' COMMENT '乐观锁',
  `status` varchar(10) NOT NULL DEFAULT 'Draft' COMMENT '课程状态 Draft未发布  Normal已发布',
  `is_deleted` tinyint(3) DEFAULT NULL COMMENT '逻辑删除 1（true）已删除， 0（false）未删除',
  `gmt_create` datetime NOT NULL COMMENT '创建时间',
  `gmt_modified` datetime NOT NULL COMMENT '更新时间',
  PRIMARY KEY (`id`),
  KEY `idx_title` (`title`),
  KEY `idx_subject_id` (`subject_id`),
  KEY `idx_teacher_id` (`teacher_id`)
) ENGINE=InnoDB DEFAULT CHARSET=utf8mb4 ROW_FORMAT=COMPACT COMMENT='课程';

/*Data for the table `edu_course` */

insert  into `edu_course`(`id`,`teacher_id`,`subject_id`,`subject_parent_id`,`title`,`price`,`lesson_num`,`cover`,`buy_count`,`view_count`,`version`,`status`,`is_deleted`,`gmt_create`,`gmt_modified`) values 
('1192252213659774977','6','1456868497724248066','1456868496746975233','java基础课程：test',0.01,2,'https://nxd.oss-cn-beijing.aliyuncs.com/2021/11/07/b85f068d940344a1a5878cd8b8cb0f4818164.jpg',4,387,1,'Normal',0,'2019-11-07 09:27:33','2019-11-18 13:35:03'),
('14','6','1101348944971091969','1101348944920760321','XHTML CSS2 JS整站制作教程课程学习',0.00,3,'https://nxd.oss-cn-beijing.aliyuncs.com/2021/11/07/b85f068d940344a1a5878cd8b8cb0f4818164.jpg',3,44,15,'Normal',0,'2018-04-02 18:33:34','2019-11-16 21:21:45'),
('1456907020120608770','6','1456868488157040641','1456868487246876674','string435353',0.00,0,'https://nxd.oss-cn-beijing.aliyuncs.com/2021/11/07/b85f068d940344a1a5878cd8b8cb0f4818164.jpg',0,989,1,'Draft',NULL,'2021-11-06 16:51:16','2021-11-06 16:51:16'),
('1457183355560759298','','1456868491638312962','1456868487246876674','dsfasdfs',1.00,0,'https://nxd.oss-cn-beijing.aliyuncs.com/2021/11/07/b85f068d940344a1a5878cd8b8cb0f4818164.jpg',0,5435,1,'Draft',NULL,'2021-11-07 11:09:20','2021-11-07 11:09:20'),
('1457184695242428418','','1456868491638312962','1456868487246876674','sdfgas',0.00,0,'https://nxd.oss-cn-beijing.aliyuncs.com/2021/11/07/b85f068d940344a1a5878cd8b8cb0f4818164.jpg',0,234,1,'Draft',NULL,'2021-11-07 11:14:39','2021-11-07 11:14:39'),
('1457203454527090689','1456499017769881602','1456868488157040641','1456868493546721281','jiejie',0.00,1222,'https://nxd.oss-cn-beijing.aliyuncs.com/2021/11/07/b85f068d940344a1a5878cd8b8cb0f4818164.jpg',0,654,1,'Draft',NULL,'2021-11-07 12:29:12','2021-11-07 12:29:12'),
('1457217756599050241','1189389726308478977','1456868497724248066','1456868496746975233','测试课程',5.00,4,'https://nxd.oss-cn-beijing.aliyuncs.com/2021/11/07/b85f068d940344a1a5878cd8b8cb0f4818164.jpg',0,55,1,'Draft',NULL,'2021-11-07 13:26:02','2021-11-07 13:26:02'),
('1457224377932886017','1189389726308478977','1456868488157040641','1456868496746975233','从入门到入土11',3.00,13,'https://nxd.oss-cn-beijing.aliyuncs.com/2021/11/07/b85f068d940344a1a5878cd8b8cb0f4818164.jpg',0,545,1,'Draft',NULL,'2021-11-07 13:52:20','2021-11-07 13:52:20'),
('1457224655927160833','6','1456868488157040641','1456868496746975233','从入门到入土',3.00,13,'https://nxd.oss-cn-beijing.aliyuncs.com/2021/11/07/b85f068d940344a1a5878cd8b8cb0f4818164.jpg',0,34,1,'Draft',NULL,'2021-11-07 13:53:27','2021-11-07 13:53:27'),
('1457228607313850369','6','1456868495044087809','1456868493546721281','最新测试',666.00,33,'https://nxd.oss-cn-beijing.aliyuncs.com/2021/11/07/b85f068d940344a1a5878cd8b8cb0f4818164.jpg',0,0,1,'Draft',NULL,'2021-11-07 14:09:09','2021-11-07 14:09:09'),
('1457266095407398914','6','1456868494263947265','1456868487246876674','16377test',0.00,22,'https://nxd.oss-cn-beijing.aliyuncs.com/2021/11/07/b85f068d940344a1a5878cd8b8cb0f4818164.jpg',0,354,1,'Draft',NULL,'2021-11-07 16:38:07','2021-11-07 16:38:07'),
('1457281682275749889','1189426437876985857','1456868495044087809','1456868493546721281','测试课程修改444',555.00,333,'https://nxd.oss-cn-beijing.aliyuncs.com/2021/11/07/b85f068d940344a1a5878cd8b8cb0f4818164.jpg',0,54,1,'Draft',NULL,'2021-11-07 17:40:03','2021-11-07 17:40:33'),
('1457284917560528898','1189426464967995393','1456868495044087809','1456868493546721281','而出让SV夫人埃尔',0.00,0,'https://nxd.oss-cn-beijing.aliyuncs.com/2021/11/07/b85f068d940344a1a5878cd8b8cb0f4818164.jpg',0,657,1,'Draft',NULL,'2021-11-07 17:52:54','2021-11-07 21:10:58'),
('1457343229514993665','1189390295668469762','1456868494263947265','1456868487246876674','test撒绿豆粥徐美兰',344.00,4444,'https://nxd.oss-cn-beijing.aliyuncs.com/2021/11/07/b85f068d940344a1a5878cd8b8cb0f4818164.jpg',0,456,1,'Draft',NULL,'2021-11-07 21:44:37','2021-11-07 22:22:22'),
('1457358761614110721','1189426464967995393','1456868490270969858','1456868487246876674','可交话费发送到挂号费',0.00,0,'https://nxd.oss-cn-beijing.aliyuncs.com/2021/11/07/b85f068d940344a1a5878cd8b8cb0f4818164.jpg',0,5435,1,'Draft',NULL,'2021-11-07 22:46:20','2021-11-07 22:46:20'),
('1457511829919965186','1189389726308478977','1456868494263947265','1456868493546721281','测试添加',333.00,33,'https://nxd.oss-cn-beijing.aliyuncs.com/2021/11/07/b85f068d940344a1a5878cd8b8cb0f4818164.jpg',0,98,1,'Normal',NULL,'2021-11-08 08:54:34','2021-11-09 15:52:05'),
('1457585467981504514','1189389726308478977','1456868490270969858','1456868487246876674','测试bg',56789.00,443,'https://nxd.oss-cn-beijing.aliyuncs.com/2021/11/07/b85f068d940344a1a5878cd8b8cb0f4818164.jpg',0,6765,1,'Normal',NULL,'2021-11-08 13:47:11','2021-11-08 14:26:01'),
('1457673806101311490','1189389726308478977','1456868490270969858','1456868487246876674','添加课程测试',43.00,34,'https://nxd.oss-cn-beijing.aliyuncs.com/2021/11/07/b85f068d940344a1a5878cd8b8cb0f4818164.jpg',0,63,1,'Draft',NULL,'2021-11-08 19:38:12','2021-11-08 19:38:12'),
('15','6','1101348944971091969','1101348944920760321','HTML5入门课程学习',0.00,23,'https://nxd.oss-cn-beijing.aliyuncs.com/2021/11/07/b85f068d940344a1a5878cd8b8cb0f4818164.jpg',0,51,17,'Normal',0,'2018-04-02 18:34:32','2019-11-12 10:19:20'),
('18','6','1178214681139539969','1178214681118568449','Java精品课程',0.01,20,'https://nxd.oss-cn-beijing.aliyuncs.com/2021/11/07/b85f068d940344a1a5878cd8b8cb0f4818164.jpg',151,737,6,'Normal',0,'2018-04-02 21:28:46','2019-11-18 11:14:52');

/*Table structure for table `edu_course_collect` */

DROP TABLE IF EXISTS `edu_course_collect`;

CREATE TABLE `edu_course_collect` (
  `id` char(19) NOT NULL COMMENT '收藏ID',
  `course_id` char(19) NOT NULL COMMENT '课程讲师ID',
  `member_id` char(19) NOT NULL DEFAULT '' COMMENT '课程专业ID',
  `is_deleted` tinyint(3) NOT NULL DEFAULT '0' COMMENT '逻辑删除 1（true）已删除， 0（false）未删除',
  `gmt_create` datetime NOT NULL COMMENT '创建时间',
  `gmt_modified` datetime NOT NULL COMMENT '更新时间',
  PRIMARY KEY (`id`)
) ENGINE=InnoDB DEFAULT CHARSET=utf8mb4 ROW_FORMAT=COMPACT COMMENT='课程收藏';

/*Data for the table `edu_course_collect` */

insert  into `edu_course_collect`(`id`,`course_id`,`member_id`,`is_deleted`,`gmt_create`,`gmt_modified`) values 
('1196269345666019330','1192252213659774977','1',1,'2019-11-18 11:30:12','2019-11-18 11:30:12');

/*Table structure for table `edu_course_description` */

DROP TABLE IF EXISTS `edu_course_description`;

CREATE TABLE `edu_course_description` (
  `id` char(19) NOT NULL COMMENT '课程ID',
  `description` text COMMENT '课程简介',
  `gmt_create` datetime NOT NULL COMMENT '创建时间',
  `gmt_modified` datetime NOT NULL COMMENT '更新时间',
  PRIMARY KEY (`id`)
) ENGINE=InnoDB DEFAULT CHARSET=utf8mb4 COMMENT='课程简介';

/*Data for the table `edu_course_description` */

insert  into `edu_course_description`(`id`,`description`,`gmt_create`,`gmt_modified`) values 
('1192252213659774971','<p><span style=\"color: #ff6600;\"><em><strong>课程简介13:51:00&nbsp;<img class=\"wscnph\" src=\"data:image/jpeg;base64,/9j/4AAQSkZJRgABAQAAAQABAAD/2wBDAAEBAQEBAQEBAQEBAQEBAQEBAQEBAQEBAQEBAQEBAQEBAQEBAQEBAQEBAQEBAQEBAQEBAQEBAQEBAQEBAQEBAQH/2wBDAQEBAQEBAQEBAQEBAQEBAQEBAQEBAQEBAQEBAQEBAQEBAQEBAQEBAQEBAQEBAQEBAQEBAQEBAQEBAQEBAQEBAQH/wAARCAGdAScDASIAAhEBAxEB/8QAHwAAAQUBAQEBAQEAAAAAAAAAAAECAwQFBgcICQoL/8QAtRAAAgEDAwIEAwUFBAQAAAF9AQIDAAQRBRIhMUEGE1FhByJxFDKBkaEII0KxwRVS0fAkM2JyggkKFhcYGRolJicoKSo0NTY3ODk6Q0RFRkdISUpTVFVWV1hZWmNkZWZnaGlqc3R1dnd4eXqDhIWGh4iJipKTlJWWl5iZmqKjpKWmp6ipqrKztLW2t7i5usLDxMXGx8jJytLT1NXW19jZ2uHi4+Tl5ufo6erx8vP09fb3+Pn6/8QAHwEAAwEBAQEBAQEBAQAAAAAAAAECAwQFBgcICQoL/8QAtREAAgECBAQDBAcFBAQAAQJ3AAECAxEEBSExBhJBUQdhcRMiMoEIFEKRobHBCSMzUvAVYnLRChYkNOEl8RcYGRomJygpKjU2Nzg5OkNERUZHSElKU1RVVldYWVpjZGVmZ2hpanN0dXZ3eHl6goOEhYaHiImKkpOUlZaXmJmaoqOkpaanqKmqsrO0tba3uLm6wsPExcbHyMnK0tPU1dbX2Nna4uPk5ebn6Onq8vP09fb3+Pn6/9oADAMBAAIRAxEAPwAooor/AGYP8nwooooAKKKKACiiigAooooAKKKKACiiigAooooAKKKKACiiigAooooAKKKKACiiigAooooAKKKKACiiigAooooAKKKKACiiigAooooAKKKKACiiigAooooAKKKKACiiigAooooAKKKKACiiigAooooAKKKKACiiigAooooAKKKKACiiigAooooAKKKKACiiigAooooAKKKKACiiigAooooAKKKKACiiigAooooAKKKKACiiigAooooAKKKKACiiigAooooAKKKKACiiigAooooAKKKKACiiigAooooAKKKKACiiigAooooAKKKKACiiigAooooAKKKKACiiigAooooAKKKKACiiigAooooAKKKKACiiigAooooAKKKKACiiigAooooAKKKKACiiigAooooAKKKKACiiigAooooAKKKKACiiigAoorl/FXjbwh4HsH1Pxd4h0/Q7VY3kRLiTzL65VANxs9Pi33VyFZkV5FjEEZdPNljBzXDmWZ5dk+Dr5jmuNw2X4HDRc6+KxdaFChTj/eqVHGN29IxV5SbSim2kdmX5dj81xdHA5bg8RjsZXkoUcNhaU61apJ/ywgm7Jayk7Rik3JpJs6iku57HS9Om1jWb6DS9JtyBPfXThIY8kqGLEgYDYUn1zjoa/Jv41/t4+KLzWotK+D4n8M6LEBv1HUNOsbnX9QdCwkeSQz6jZ2Vm+0bIbdRMVHmPOudtfOOt/Ff42fEvSptO8WeOfEGreH5Slxe2N3qcqaWPIdXWSaHzEtyUZomWFVLEorKhO2v5d4p+lPkOEljcHwtk+OzWtT5qeGzTFOnhcBUqp254UX7TEzovVxnOnBtK/smnp/R/Df0bM8xUMHjOI80weW0qjjOvl2HjUxOOpwkr8k6iUMPGqlZShGpOKd17S8Wn+yXiT9o/9nzwvFFLe/E3TNQaYnba6BDPrlyqgZJkFikkcO0EKTM6EMfmVcEDzy5/bY/Zxs7W8uH1vxNNLbwtLb2X9iJHc3zKWAS3P2zy4mfaT/pbW5CkHBwwH4XeLfET2yCGxHlwW+AXjj3yyMQRvIGCzNgKoIIB64xuHn9pBq2vuS19cRIWQFpSDOUZmDqqhyq4AbgMx3538dPxTFfSS8Ua9RypYrKcHS5ZRVOjlkJ25lpN1K1ScnOLd1rFXXvKSbi/2LC/R68OqUF7XD5pip3UnOrmEofDJNxUKNOEOWSTjJNSdm3GUZWZ+4Vn/wAFGfgrNeS2t94P8aWFpFMqrqFvPp2oySxnaGY2wktUQIdxZGlBIQ7JN7BK7jU/27vgHaxS3FpFr9/Yw+RsnghgguZ/MVdwNrcSLMkisWDLIY0yASQGG38NotNtLNRDMxY5AKMSWYMvysxBYg8Hqw5PNa11FCbQW8hMSF1VcZCkDkcAhiMqV4yeD82OK8Sn4+eK8Y8suI3UaqOpGrPL8Dzq8WnTtChGm6fvJpOm3FxjKLTvf2J+BvhlKaccgdNezVN04Y3F8rUXB87cqsqiqOzTl7S0k5KUWmuX9ztG/bN/Z11p9r+LtR8OtsDbNe0S6ZSzMAESbSDqS4IZW3XEdsAuS20q6r7z4S8a+EPH2ny6t4J8Rad4m0+3kWO5m053Mto7oZI1vbSZI7qzMqK7xefEglRHaMsqkj+aWeNIGVIVMUa/MCSx8zJJxluvB4J2gZ4GTz6X8MvjV43+Feq3F/4a1ibSIprdUvikVpJFLHGwZHRrmKd4JDIE3tEF85F8qUtENo+44c+lFxtgMZh1xJgMtzrLIxcMQsLQeAzGV17tWnWjUlhnOErJwlh4xnG6uptSXxnEP0b+EMZhcQ+Hsbj8ozBuMqH1qusdgVZrmpzpShGuozXNaSrycZWdnG8X/RxtbG7a231wcc9OelNr8J9P/bl+OGk+IbXW11+XWdNeRxNpGoQpc6fPbtMrPGIZixhLLGUjnt3hniQtiQu3P6wfAr9oLwf8ddFNzpK/2P4ls40bVvDNxOJ5o1MUbNeadcCNEvLFpGdMLmeBkKzIEMUsv9E8AeP/AAfx1mTyZ0sXkGaVako4DD5o6XscwSSahh8VSk6axL1/2eqqcpPSjKs1K34Hxv4IcV8GYBZqp4fO8tpwjLG18vjVVXBN2vKth6keeWHTdvb0nOMbN1VSVme8UUUV+6n4yFFFFABRRRQAUUUUAFFFFABRRRQAUUUUAFFFFABRRRQAUUUUAFFFFABRRRQAUoBJwASfQcmk69K+Zf2iv2g/C3wn0C+0dL9LrxjqFnJHb6RauXu7aGb5BcSmP5bUDlxJO8QKq6x7pAFPyfGnGOUcD5Fi88zevThCjCSw2GdSMK2NxPK3Tw1CLvKUpysm4xm4p35ZNxjL6fhHhPNeMs6wuTZVRnOdWcXiMQoSlSweG5kqmIrNWiowTvFSlFSlpzRV5K78Y/2m/BHwitzbQNa+KfEzeci6bZ30LWWmSxEof7WuIBMFnEmAtjGRcEhhN5CjePyG+KPxh8X/ABg8YT67rt2Iw4SG1s4ZJTa2NgC3lWltC2RFAC0xwiqZHkmkky5L149qviXXfFWqXV/csLqUyOVTcVhgQycYP3GfBO+RlkLMCxY5BbTuLiK4VLZFgs4rePe8ULNvZ1+9NLNt8yV5Dll8wg7V4ICAH/NvxB8TeJ/ETGTrZtiZUMrhVdTA5Jh5SjgsJZOEHKDtLEV+WUuavXc5XlJU1CPur/QfgTw54b4DwcKWW4ZVszqUlTxub4iKljMS24ylGLtbD0XJK1Giox92Lm5yXM83VL+10+VI4LVZriRd0zys7NGvRQgikVcEfMDtUschwxBx0lt4hvrjQJ7EDbFI7y7fuKJMAA4yqFhGqqq7WdVxliODxRaBr4Ow85XJKjc4VipI+dgd2zoxz1BPcHPVPcG3hkDoot04BRcJ5skiIVXC4RFRTwc52deMn4GFNXvytJJd7bxS8tXa3rvfU+5k3Z6+8/hu93p38l+RxL2P2qZVlXczO7NuJwu3hmyMZZSeckdxVvRLVV1O5ihXy4bVSPM4IJdMMOmVYOqhuCQM8r1G2I/NnkkjIO7duAClVLNvbAULgnJGemAQMkgU6zQpNFCLZgoaW4lmRWOFLKjq53CMAvIG5UuSxIbaNov2PM93ZppX+X3+drMn2qVo8122m7d9Oy26/l5cxqdrd2Sx3t1G7JKzBZOqSFDgoSOmCrL1OCOSccMk86ebzQ7HzQr+UdrbkzlRhQR8oYsvOCSQDlTXYa/YJdS20O+Z7fe2FjkKBihD7CrZPIJ3EZAyWUAsGFWyscNfyFY42s3CorHe3lSqu1Yo1IcgsFLSDjk5xtY1Xsr2lHZdOulla3V3181r65SrvVR3u9+y5Umn11T9EotbmBNZ3UzKZshQoKnIAPJHygDCk85HAXPPy81VuNGa6glgnmL7fLEyI20yQltpMeSGZQxBbkbQ6k5wa7i10+7u7iJEhYxbDhIwzFtgDF+RkOpb5idpKnqByb9lpDXF9Fas0Nu5cQx+eyqrmR/LjO8gEl3yAq7QRvBBOKfslJXtZ6+Wmm2hcakXy662s799LvW2mm/zPM7y3SztLe1hTgDesjDgKjMSqgEqm9hyuCAM4x39C+FHj/UPh14hsvEmmxzJe2d1DOkkV3eWskaRSMsybIZfIlilQlZkli5j3KrAO4Zw0CXTzeyXoW5kjmmnsAqJIEh2oPL4j3blbczhiduco2CK5y0tjcSLlcByC3DYKsw80K2cDkkcNnPIHTObpTpVKdSlKdKrTlGpCpCTjKE4uMoyhJWcXF2enbToav2dSnKnVhGrRqJwqRklKE4yXLKElqmmrprqmfuP8P8A9sH4S+Mba2TxDe/8IbqtxHbYFyl5e6fcTylo5Al1aWk0FttlB3C4lRVUHcyMsgX6gtrmyv7WC/0y/stU0+6RZLa+0+5hu7WZGGQUngeSJjjkhXbHrX83cN9JpNudJAjngSZ3RijFo0ZsMNwwrRsSrlGyA7MUZQ7LX2N+zl+0B4i+GN/Y6FrN9JqngHUbuNrmwmkdo9KFxI2+/wBJLrP9jC72lvI7dPLudhLIjhpT/TPh39JHiDKsdhMs44cczyaXLQlmlKko5hhFfljXrRTtiqcNPaKPLNU05RjUnaL/AJw4++j5kmY4PFZjwdfLs2XPWjltWq3gcTZc0qNGTTlh6k7Pk5ueEpySlKEfeP2DopsUtvdW1rfWVxFd2N9BHdWd1C6yRT28q7o5EdSVII7jg/oHV/deExWHx2GoYzCVqeIwuKpQr4evSkpU6tKpFShOElvGUWmvx1P4sxOHr4TEVsLiaU6GIw9SdGtRqJxnTqU5OM4Si9U4yTTCiiiugxCiiigAooooAKKKKACiiigAooooAKKKKACiiigAooooAKKK8B+Pnxt074Q6BGsBhu/FOsLLHpGnElmhVUbdqFzGo4t4iNq7nQvIVVAclk+c4s4pyjg3I8bn+dV1RweDp3UE17XE15e7Rw2HhvOtWm1CKSdruT92LPf4Y4bzTizOcHkeU0XVxWLqJOTT9lh6K1q4ivLaFKlC8pNtX0indow/j9+0RoPwq0y60bTLhdQ8a3lu621pblHXSVcY+2XzFhsbG4QRgMzyK2RsSUr+Ifj7xBr/AIr1m61fV7+e8n1C5ea5nlYvNNK+dzSMxGQx+RUUgCMLEiqigD0rWPEOt+N9f1rW9blkvtS1KRyjz4/hfy/kRQRGqhmKqDt2kHOSaoWHw/v9ZuvMYSGztvMMjx7woaAbssrou5hGrgbcrumjO4KCR/mh4g8fZ54j55UzPM5KjgqDlTyvLIXVDBYe/utrmkqmJqK0q1V3bb5Y8sUk/wDRXgPgXJvD7JoZdl8VVxlZxqZlmFTldfF4hpJpS5YuGHg240qSSSjaU7y281s4Ft7NIYYwpb+NQeXJAGScF16kZAGSxOC2RWbTp7dHdt7zSFTLjC7d+cg9PlwRjrj5T6V7L/wjcGk2Uk96itNJI8dnEFyrRbQPkXH3maQkMzOAqDIBYGuQS2ikklNxEHHkrLsL4wqsPlYFTgjOSeuQMsAAK+F9lqotu72uuqs+nbd/0j7dSjNSnHpJJP0t0OX0vQGuIbzUS4ji05VknDlVQxOkznLMeAdhUrj5umTjDbfiO5tr+20GysfOligjkF0iiOPdMJ7hsW80Zd5jJ8rCRkIw7cfJituSzhSK+tLQQiO909mCuu0yrGm6FxKmCQN0gAIZeSD3zX8MeHBqGnJLfTx2UlvPHOgMgAWBiBJ8o3PmMu5KrvypG0bhiumMLOMFd83uv0Ti/wBOljgqcz5pNvli1rdrW9tLb6v5+Z3ug6Foy2LNdW8kEbWoubeFmEc8zR72kjL3ChpyEQEsFjByxG3cDWBHpkUyagLJpGSIyJt2Avt8plP71SF2iTdn2O7ODmvV0ni0rTLS11KSPyorK6trOSMyCS43SGaBzHJH5gjW3eUGUlXLALsVWJHH6e9tYCDVIii2/wA6wu4jnkYSSbGjlR2kVtvmNskKhVKKVVGUPXd7OF4LRKKd9N1/w/n/AJrlhJxk5NtvRrV7q1v1/qxxnhvwzPqeoSxzOzzWcjOybGcEIAPuoHUEptJk3BScEHLium174eajNqCXcMqi2a1jSYoJUJQBlEZO7y2dFAUAYOSi9OnaeH9YgsL6+tZFitre5QS2Vy6RrDNIqxwTW0Ur5UNs+xz+VE+ColGS+zd2P/CR393ZLPJugtzH9me6gRFMkZZgLWUEHcHETp5+1SGz86suRcKdGzjp0e+92/Nre356XYSqSb5kvK2nW13t1auzyHwfpdrpWoNba0TYzSKH05m2bruPekNzEpKN5cnLKI5MlSpdc5Vai8U+EmGp2EljHIkUi7be5AKqsgeMAsULLgyBsMcNtDcYBzp+L9W0gyG9dC1zDERLMMyuCGj81lkYnEgfJJiYMdy54O6q1v4rjvtEeC8Yy2RaRLeeMmF+FRo84BOJFVjtV8jc7HAJrOpGEVyJrRp3dum6+f8Aweoo80vfV7ta6vstlt92une1+xPhyFvDWkILeQyNmO+uF3NbJMHMTS8BXdCqAs0R+bDhvlRgePsPAlvdG902J4HuEj86AOwheNkZw7QhjmVJMqSrHcCQwUfOKk8O/FC1sYY9HmLNZFXkfZIAys0ON+2YgMPtI+ZV+TZK24AE7N/VNVaCCy1zyGtrO9RXtriKKSZrm2ucrIoZyocFDC6scAEq6EIwdKcaVRaWTjHe+t9L9bO1/wA/Jl8048qbaTaaX3PTrslocvrfhm1s4ILd7dTI8BSW6UsSG2jKsrMAChkRwdhG1V/ujPJ+F9Sayk1DQJNgkiMl5pzuwBljKoLiz5DB2QpuVUkEjM8hwVCivR9WmIMMMty13HLDHIBDgTPayBSJIcxyPDJGNyBkdWGYydwLKvC6j4cNpq0oLAxzQm9029DGVgrqQDI6NIUZt6s6MSqgoDhxmvKqU+WUtL3kkn0tdK34eb17HdTqpq0rRaS1vvsr63V07ff1P0z/AGU/i7FPCvw68QXIsoPJSTwkb2dRGbqaVPP0yFvswZDcPKj28VxcqnnB0geT7QkS/b7KVYqwwykgg9QR1Br8F/CfifWtLja0+0NFPZql7YXKOVuYBFJ5jpDeRstzE0E+2SNlfCujPgeWjj9kPgd8QT8T/h1pWuXBYavp8X9mav5m8vdT2SiM3+9x8xulUSt88mS33lcmJP7D+jl4muLj4f5zXvCNOpiMgxNWU37OPNF1crbfNH2ced1sM37OMF7SlqlTt/KP0gfDha8dZPRSc50qOd4akormm4tU8xUUotylyqniLc7nJ056Nzb9Xooor+xj+SwooooAKKKKACiiigAooooAKKKKACiiigAooooAKKKKAI5ZVgilncMVhjaVgqszEINxAVQSTx2BPoCeD+MXx+8ewfED4ga9qg3RW+iRtplkJpHlZ2jl2uxTO1FQIS6RqEjZHRmZvmr9A/2q/isPhr8Obu3sp4E1rxL5mk2YaZFnginhfzrtIg3mkRRgneisA5jQ4LjP4tWlxd6jDeSGZ0a4kZS0pIAVwF3lTyXd3bIGWbJPXAr+E/pNcaQzXPsDwhgMRKeGyeCxOZRjpTeY1f4NJaNylRoyvN3SUqijbTmP7W+jnwfPLcmxnFWOoqniM2k8Nl0nf2v1Gm4upO97RjVqx91Wu4wvf3kl6x8No4LS/fUtTijaKRYngM+6NHLzhmIUSrgMqxBQuCATgdm9sm12wtNG1abekMCqZJJREm12CiQwjK5RMOEbIz+7yckgV89y6pbWtpbwrNGywiKLZG4wGjKIvPJxhSgON2VPIbLDn7vxrc/2NdWEMihJLwOztI6gIxSMgKGBbcPlYlR8qA7vlKn+Z4VI0oKn11d1sm7K11t3V9tXdn9FuhUqVeZ6Rslu3orLS6X3eW7NLVPFlt/aVjc3Q+1QDfDb24keICNvM3srRqHUqsnmByMt5YBwo55Ce+ie7lU7IYGcsxVmdxHIUZgBkFlCOeDs+VW7Yx57qV/Le3kDhNgSbL7mz8zsyZLYzh1Khc55U4x0ro8F7VLhCAyRIxXOQy/NHIpBwMhXBBBxna3H3a5vbR523L4bJfh3f5699d+qOHmuVRXuW6dVdeST3VvNGy0q2cazw3LRqiskTK53rbyspQPuz8r4BwTgMWGTuLV23gzUYFhuFumglH7pUEjBkSMrLl3ZXBZWItlAOd2wsV6GvCjeuXbTLmbbAWLW07B9wTYS0SEO2FGRuUAHIXkAYqrZa7LomoRqbpUTzVj8wAOrwTM0YZlyBIF3LsIAKhVYAlWVtqeIjKXMpK8Uo9OiWu/ydtU9NzOphpyjKC6u6v8A9utfdfe+2/Q+gvHurRT6DapbTm2a1uoluJUkaIGFShLfOoP+rDupMgUqzbkIkG3z3TfHsEU0OjX1yq2UrKschi6PMVVGllwTEuWUmQDYoVmBIJB5DWtQubmzuLWSdpLWZykrnARCBuiZVYnajq+0852jDEHFeXajLLFJBHdup8lVSO6BADwknAb5SMAZVWDFlByfmINXLESvzN7qy69tf6/GxzfVZpO6XRPVXtaKtf7/AJrRH0ZrviOTRZPJEbSyq8cq/PmIAGPY8Z4WRJLYkiRQCNkeWJAIdo/j37TPDDNK1qrxSCa3Zy1vmL9+HIeQyRsYPPY7EG4Ku1WyxXwyPxLc/Zre2uXhmWCUskrruu0V0dTEsrMwltizbwuwuCTscKFUMuJTb3thfWcxiYSKjyRyiOQAllC5yVZniby0wCjIoA3B9rT7dr3r6uy81t591d9/O5osPBRUWr68ya66K6vvo9LN9X6Hs3iLWjqP263udkc9kslwsLSyIl6Gg2FomdAVZZVVwCWIUIy8qyjz6HxRc/ZXsVnkigjkBj5UCMMiKSELBCxjXaxwcENjG5qxL28mV3V7mS4XDOkkgKMQSd2FGNgbCsyKCAGbJHGeGu75g5RWIRuHC5JB/hIIPBwOu0gEnPXFTKs5W+Lton5ab7/8HpcFhlq4bNxVuyi031s77NafmekDUruylbeI2ZvnEmWfAbbIsiBX+YEfNw4wCTk5IH0L4Q8e2GpfDdvD928h1fTtQmMck/8AqDp08isYEklZjG6EHYkQRipUKyJ5vm/IE+qzy2cMbSGRIA8ahsM0Yb5wCx+bZuLMvUAu3QYC6XhXX10nUrGW6WS6sftcK3VosgiMkMo8v5XKOEYb9wbaR8uPlOGq4VnTkrO6atrur20208r6fcOrQjJq6SknGS+Vuyv5O3U+r4dctINWs4Z5WkWNPKQxyjesDIeE3Ex5AGAHO1snBIJFelwR6dqN1BAJRbW88akT+WqtKsjx4XGAUcmaMlQD5RLHBRNtfJ2qeIbb+1raWKVkV1hB3bS8SvFGNrnPVd+HwwPmLu4XNesaFr6xXOnMs7yKts6MELsXiuMZQqMIBG20x7hn5Is5YMTKrJzkpWs3dbNLbTfpv13IqUW4uUF8Kbel9bJ6adLdt7bHX+KdCvbO3nvIyYxbStAJ1XfGYXLAq4VT5eYW2nIVRjkq4Ir6N/Y7+L+s+GfEtn4N1Ce+utF124jtGskuohBZ6pdDy01H7NKrK8cwjEF55TQtFHItxlmgEb+IatJNqXh67uI28qMoylGkAeA+aI0MkUYIVmjkOMkbhkqRuGPLvA+s6hpeq2ms6fem2vdPvoJZGtZ3gubSa3nS4SUurLJEUkjQh45N42OwYEK1ehlua18lzXLs2wNWpQxOBxFGvCpRlyT5ac4e0Se1pw5oSTTVm72epw5hl2HzjK8dlOOpQrUcdhp0VCrDmh78GoSav9iTU009LWd9n/RbKio5CncpAZTxnDDIBwSCR0JB5x2OQI65zwZr7+LPB/hzxLJNBcSarptvJNPbMjRTToirJKvlPJGhkPzSRK37qXfHtG2ujr/V7h3NsPnuRZTnGFqSq0MxwGGxUKko8kpe1pRlLnjspqfNGXK3DmT5JSjZv/MPPcsr5NnOZ5ViaapVsBja+GnCMuaK9nUajyy3cXGzjdKVmlJKV0iiiivZPJCiiigAooooAKKKKACiiigAooooAKKKKAClHUfUf57/AMjSU5cbhnoOfy5qKklCE5y+GEJSk/KKbf4IunFzqQjFXlKcYpd25JJfez8Uf2xr7UNT+NF7ps1zczx28UENst9KrrbwbpmkEKxxqsMWekSAsflMv3uPmK8nawKWyvEiW0kbTMhQHaJEJIBAGR84O8Auu7j+KvSP2s/HF3L8f/F8wt3Q6a0VjEDt+ZDGB5gUFm4GWViq85YY2sR8za5eO8L3Ut6o80GWQF9yxHJ+VmwTlAuFGSMfKTzk/wCQ/EeJWI4k4gxKnOoquc5lOE5XUpQeMrcrbd3flS6vRWvsf6pcO4d0OHcioOMabpZTl1NwhbljKOEouSVrLVtv5nQXXiRJLry1d9pmcl5CWISNnKyBMAAyxbWJznjbycEcg3iHZcXdmSJBdXCOsgb5VIDBo8BeVzgbsnjkj7xXzK41iZ7qRY5H8pV2RE53HJGTkgnhfl+UZ2kjrg12vhrw3qOtT28Udu5bzFKqAQxyyk84IPJCnaCdpYjjJHz+IxMaUHOTStrrK2i3etr9t+vkfQ4ahKtONOKcru2nm/8Ag/1sepaXpbX4QJE86z+UyFELIpONoJGUGJBt+ZsZ5B6CvQdP8IXU0U9vNbXDIqvh4Y23J8p6IM7yhGQpBLMAG2jp9MfBP4E67cWUbXOnGQSFX2sjMAMFjuBXDhsjarqNjAnJwGb7p8Pfsxxw+TdR2xlacJ54mjCgBImUeWgCquGYKRsZWA3DBIYfGYriCKrNQnotrS31Xr1X532Ps8Jw/KdGLmnG6ejWq1Wmj8t9/M/FLUfB91AIpJI23g4ilKuokBb5SOWUMuWRgrcgDjnA8z8UaFcRyr5kTAY+QrnCkqpKZ5VkBGVwu/II6Zx+8vin9k+TUTK1vamGJSXjSKKNVDkk5AEeCclgBjaO4HOfn7xv+yBrF7p5t4rCRZlDGK4dgkrKC+WdI4djN02/KpGCvzHkOhxGnKN0knvFNuy93Xvfvr16dKq8OTUW6erTurJXdrXW99fT8kfkBDrd3Bbx2FxEZo1UxSkNsm8rHChmDAFAW2lhjhUOMZrI1DUIbiJ7aNGeNB+7aRTHMu8fPHJsd4nA/hKgZBUjGCp/QrUf2P8AxdbSSvBp88sasgykXmNJ8ziQ7mzyAoIB4JI+QKefI9f/AGavEGlPcpPpVyhDPgywTx8Fl+85Qjf8w27iAzDAyCCPUpZ7B/a917P5JX0+53+Sujy62Q1lryySvtZLTT7r6ba76bHxTBcTW0rpOx8oH5W25dBkspjIP3dykYJxg7uoxVu6vd0hVpxNEyIVKA7WG0FeCIyHAGGV/QgjKgV6Hrfw81vTrmSC5sLhGR8eaYmG07WcB+PlVkOSc4yMAnbk87f+CtTt9hSAvHKnmKMP8oztUGQd3ALgZyqg7sDJHrUsypTjFqUbSW923rbvba/5eZ49XLasXJSjJcr2kmmrpPzv6/fbrgwaleNKFa4aaIBURJnaUxxjPyRh2YorZ4CYXJJOOctvZM7JIVX7wY7hjPDEq3JIB9cjbgYAyc63/CMaisaSmznXeAqExnBfgkAqGPy59uQASTkDVHhXVpLSCWSxlVZnKq4hk8rILkgEqOiqGIDMAOd3IBueNpK15wWzXvLfT12ve3bddDNYKrolGTWm0Xpe2uqWmvy67HHQ3SPFIj7oyQu9MlVBAwACCNwUngnp04GKtRxhAsqEyHIOxhgAqwIyDk8dR17V1z/D/VI2t1Nud8vLIU5VmZsAqcNyoDIykBtwAGdwHpHhv4Ra/qNtI8NhLLCiuFkaGQDzAoJCyIoXKsV43nH3WJyorKpmlGnG7mnppqm3s1pvd7arX7mbwy2vVkoqnO6dr8vmru/le22unkjx6S9nnu4vO+UvsbkgKCATkZIwflz1IBHOOMd5pOs3NmY1SVkbDYO47iCdyqxGTgFUPB689RXrkPwA8QXNuLr7DMdqtvGzOfLOGXe33egBUD5QSG+YEDA8QfDW/wDD0ZkeMny0BctuwrAht5b5hszjdgLsyCeM7eSGcUalRLnSelknq9Y2v2d2reXzNZ5RWpx5pQduuifSO9nt33sn2SZtN8QBHZXEWwN9oREaEEMDkLG0207T+7YqyxnPKKu/nNJoV3pia4Ps8sbx6laI8skixRKpc7MsweYb4WwRhtxwy7VVMt836neXsl3bypKVSFnR4gTh0kbDBgBx18wbidpUYP3iPUNGuZLi3065hkYpEyhtgV2VyCZYmkC7m+Y5G9vlDYAOMj2YzlNKSd7pNXSdk9Nmttbdt/M8SdJxqpL3VT0TW+ln11308+qP3w/ZC199b+DEVrIFZvD3iC90yKdYUjM0Ekcd6iyuJXeaSH7SYVd44WEKRJsYDzG+ma/Pr9g59Shs/Gtrd3L/AGLUYtPv7aweOYA3los6z3gKxtDHIsEyxFzJH58QCupMUKL+gtf6VfR7zSWZeGGSQquftstqYvLZqbg2oUKzlh+Xld1D6vUpcqmoySVvejyzl/np47ZZHLfEfOZU1BUswhhcwg4RlFOdejFV+bmSTn7eFTmcHJX3tK8YlFFFftp+PBRRRQAUUUUAFFFFABRRRQAUUUUAFFFFABVHU7ia10zUbq3AM9vY3MsWSFAdY22tlmUAqTuBLAAgHNXqz9WsLnVNK1LTbO6+xXV9ZT2sF3gkwSyphZAVZWUr2YMCp5yOtePxD9Y/sHOFhIVKmJeWY1UIUm1VlVeHqKCptaqd37ttbnq5F7D+28p+szpww6zHButOquanGmsRTcnUXWFl72+l9GfzUfGi81G8+I/jTVNTtmDy61eSyu7CSe6la4YOyFQocmXcXmIWMEMoV9u9/Ib2V9T01rUskUET+bKcFjgAnacADII6ZwSTkgnFe5/tKeD/ABH4L8f6r4c13UDqmryz3FxJeLLcys0D3Eqmaae9HmCWQxvIzMzMqSjbI67JX8DWOO3tDaC5jnlYkSNDgoozkhW/iOPlLMTn5iOnH+QeL9rSxeMp14zjXhia6qwqJRnGaqy51OzklJO97Nq99e3+q2B9nVwmEqUZQlSnh6DpSh8E6fsocji3yuzja10n5LYzvCfh5tf1uK0jVinmBOQcyFnCA8EKCeTjAzgAZ6V+uH7On7P8E32LU9QtQ5d4mXcjHlgOADtUjBIbjZjjLEEj5Y/Zo+F/9pahZajPCWUyGUK6uQ68YJXjAyAqkMM7SRncd37pfCbwrp+mQ6d52xIlaFTGNikIiLgH5srkKWC5LOMjB3AH8zz/ADOvXrPDUZO3wuMWne7s3dXSS003P0rIMspUMP8AWKsY87akpStpGyd13vdL0e3b6a+Cnwc09dKhH2BWVFXDKhwvyjGHUbiScZwQo37cAACvfz8PIIJhsgVI0UAAKCSVA+XIL/MB2YZ46cDHM/8AC7PA/gXRbWzt1KSmJYpLiUwRQRvgrncXTC7x8pLgt0AyQa8cuf2vtJtb2S3jkguY2lK+crEpln+8DI0R/dgqpYoVbdhZGGGPk0smxlWHtJQ5XdJJt6q6V9Gkkt1311PbnmuHpSjBST1d3H5PqtdH00XVs+poPBumeWqyRJDkD5/LyxwWVt3A2r7KvHJwTUOseAfDE8C8WzuAoZvJyflcnksGXBJ5UjIJyOMV4VYftQ+DdWPkPN5c5BwiyRMSQAciN7hiAQc5CqAQecgg79v8XNL1KMCK7RcsQgDJnd8oXeYw4JO7HJHzZ46gZ1cvnQi5Ne+rdHr8L6vpZL5X2tbooYmlXcbNWbje23RWvsmtNr6+jZ31j8JfDxDEafaFJJVkJaKFlJJK7lRsg5U/d2jbk4Vsisrxd+zJ4M8QwNdRaZBBcMuHW3Xy1lLIwOY2R+CC2SCMk5JIODo6V41jmjjUOzxrk4yN/QAZA5HJ3YwBjrjIA9LsfGyCOPLCQIgyrOAynOQwO0gDlRwAVB7kEEoYp0lyzUraJNJ76dLabX0fe50V8J7TllDVO3z9Nb9r9vy/Ojxx/wAE7dN8SxXos7e2RZyqxSTQiOWAFQqNvSJ3ePO3IDpk8Z3EZ8Qv/wDgmumoW1jZ3NpBbXWlInl/Zm2xOqhFwZREgkyiJhZByd5C5LM37bW3jqCKxkMke9CQqxgxlmO1TnOOBnIPOBgkckVyGpeMIJwZCyQPhslnGRn7qcYCkDCjAyDjIPSvRWZU4042m1bW/K3o+VN3t0t6rW22vC8rqSnKUqSdvdUm1tpd2dr3tdtbWtc/GdP+CdGk2sHl3tmPLml3yGMQ8ybgCGPlfLGyLn5FwGXAwOD29t+wD4Tm0e2tLfT4lW13bXm2+blAG+VgQpyYlTPlgYGduWOf0fuvFlkZT5oZCScEkGPnJyWJGTk/NyOeDWnpmu6ekckks8JKglgHUYA4JAXkg7RgHOVwB1zXK8XWrtwpyk7a31Ta0W26103v6aGqwdDDq86cE3vJpNPa9l320u9dF5/l437CXhldVF5Lpcd0tvDLHEm1HYIxBQkurAHepH3QDyzMetdto37LWlaFpzwJpNstuXLNvgjfOGTGcfKpDNw6bdzZ3jgEfpPZ+IvD91K8bGCYSL8yhUiMajAzlwpI2n7wbngkjIyt3qPgeOBYF1LTBIzkkNeQSeWztgecwlKxxhxy0jInBQMDxSlRxfI5OVRvRpNuy+/pr1svLcyi8M52Siruysku3W1rbv1XzPzC1/4M6dZxyiOxSFfKwJYlAGRvzn5QFXk8K7HJOQRk18QfHT4Rpa+H9Wlgs4xLGjyQExkbnAK5ySFVfn3EuUUjfnhTn91vFvhTTL23e+0+W2mhwCfsnlzRn5RuKPE7ov8AExGTyowScGvhn42+EY5LC+g8pGhe1kWQNuYSBo3DovBC5Lbj/tDcMVxQxFbDV6cpOV3JX31S5W90u1k7N/ijWeGp16M0knpJd3tbS1r/APD9dv5b/F1i2n6xd7k+V3cjCsM8lHVQF4ZcMxX5v4TuxtY6nw9uzaTTKkL3FtLIZI4iGIWVWDSDK79p+ZQqMjF+UADFc+mfHfw9JpPjG+tjEY4pJZJhGEJ8tuEI3ZIO8qxPfIDniQZ8p0q3vtMtdRCb0iuYmljeFVe4jCjLSW8fEjkBEMgUtwo4BHH65l+IjWw1KpCWk4Ra2/q99Pl1PyTG4d0MRWg/sTkvxXXfVO9+uh+of7AXjltX+JmsaDcWt5cStoOq3duYcxx6eLd7GFXvIYxCZYGEpUXBEhgmfBhdbjzIv1nr8GP+Cd/9u3P7QOmXFtb3UsEWk6rDqV4Ej8v7BPbSMHnWVXiimIj3j5jKQshgkDb5F/eggAkA5AJAPqAev49a/wBBforYuVfgzO8PJT/2XP5KEpJ2nTq4PDyXLK1nyyUk1duKcbuzil/Cf0mcNGlxhk9eMov6zkcHKN1zRnSxdeDbjdtKUXFqTSUtUldNtKKKK/qA/m8KKKKACiiigAooooAKKKKACiiigAooooAKehYMCpAYZ2kgEbsHHBZM8443LnoCDzTKUHBBHUEH8qirBVaVSk20qlOcG1ulOLi2vNXujSlP2VWnUSTdOpCdns+SSlZ+TtqfzcftnaB4t0b4v+Lb3xJLAr6tqUlxarHLvklt8xoNy+dM0KhVX9z5jqpYN5zszKPlnQYJZri3t0VpZbi7jhjUD5maQrGMZOTkk5x824HBxkV+vH/BSXwJ4bW90LxQum/Z9WvIZpLnVklv7tpxHxFZ7LmeLTLSMnc5aJZLhAVaNSAyn8sPAmltqnjLw5YIpzPrFimAPvYuUZto43nbkkD+EEgfeB/yF46yirw9xLxJltarGdXBY/FzlLnc5N1Jyq+++SD5vefM+RJ7q6dz/VDgnNKef5Bw7j6UHTp4rB4NKPJyL3FCk+RKU/cbhaK5m1bVLY/an9m/wK+m+H9MuzZySObaHYkaFtoZIyPnKkhshcZzsJdDjJJ+oJfE2s6ReFP7MghihAAkmlWQlSAX2rHHIyMV2ruhIbaDlgQSN/4eeDodE8M6UTmMR6fbfu0JWPIiQ5dWUqWJO4/MQW5HI4oa3JNqF7LY25jmMjeWFiBYHJIGfukEDGQqgE4FfhmHqqVapVdm5ybvfpdfjb7/AJH7xVo2owpQbSXT5JL5ff32PGPG/wATLu484XlujoULKVXGAGAxFCTJIxVQP3ksvyndtUEg18beN/iXHo0N7dWzTSXbFmSEF5th37RLIAJCigkYLll/vFv4v1Z8Mfs5XXi0xRz2ULB2VnWeEFlDKGJQsrKjE4Qb8gkE4zkt6Jef8E+NB1yKJGsS0sqOkihECET7c5LxMrMrDO7ZGyqcKxDV7+HzSFOfJZtaJWs97dGv6tfpr5VbJ6laDakot6p27dneyu9Lt6+h/NPqXxo+IVxqU11Z+INQslchRFZ3E1unygYby7doo2JwN2EUMcnbk5r2v4fftbfFHw/LYQ3102pW8W1WjvZLkrMN+5JSYZYJVlAc4ZX2uY0Zoz8xP6m/Gr/gmVpXhPT21G0sooyAZEkJJkJIzjMaxhyxGCGBXcvygsrV+bOvfs7y+H9RlinhkYwy5iAV0UqAhUhTySuws28AsG5GGArvrY7BVoOnOEeZpaSimru1le3VPfp2PMjluOw9SM6cmuWUXeLfRrzs76/1t+mPwm/ann16wtBqAitrlwEfa7hh8quQMsTsVTnzJPm4b5wDx9r+EfiRDfRCUTxSM6gqBLuLAtjckmdvA4bG7LKecECvwQ0SDUtCuYhCHhFrgADKBlDYz8oLMOhbPzdhgZx9mfCjxzqd1bvDNdlJd20FWlG9Qg4zI8jsyjKs528Dlick/NY3AwklOk01e7t+Ct2V9/M+ty3Ma0YeyqqS0STfVtxWq10tdfkfqdd/EqOLKJdDdEu10DLuB2/xAZGQOuAM4GMHpyOufFbT7WJ2NzufAJaV1UK27dn5iBgAZ6nPYcgV8xXGq3MNuSFZpDGS7MzE8D5ixOdhJH3sD5sDqOPjH4ueP9blNxY2csyu2SPLZi0eeqsgJQkAfx5GOQM4I5aOC9pUhGTSi2r9tLX010bfnbfselXzFQptxV5NPTvbp1+bWz+8+zvHn7XPhDwak8uoavFPMqlvs6Fd3y5UCJP9e2dobKI6j5iSARn4g8Z/8FJrmOe5t9G0/UJbdxsSQSLbsQARvQEAgBtuflTK4+UHcW+PvEXhPWtela4nNzdNOxeR2aVnbByF3BSG3E4UAEDBO3FJon7OGu+KLhbaytnDzsq+ZsmZhwu1l+UqxViQc/gM19NhMHluGXNOcJT3vJvRe7fbVO2q+fU+Mx+MzPFztBOME9Ixs79l21bX9Wt9O6D+3PrfiGWO0a+ubG4dDsEgmaRZeWLRvCZIxIE3EmU+Vt5BViCv0x4I/aI1oXEN4z3F5Oojd5lmu7ZlTaGZmnsLqUshT73mRqGPDKSSK+a/Bf8AwTg+IU8w1S6VHgC7olllaEM7HC8RoCfLA3FmYDJUIuV3V7TB+yt4j8JrC02nXsIDspkR7pgx2ESoWBMcfCMqlsB8A8gNjpq4nCJcsHFxTjbbrba769X59jGjhMe481VNXdttU3be2mun6aH3j4U+Puo61YhBN5W8YljlMcs6DKoGaQmOS5jyzJvJ3EhR8jYFdDfaovia3kiuYHdpUcJM6ARzEY5iy0iqQxxtY5XqFOMn5P8ADPhDUtIFusxe2S2ISN55UZnCuTuYyQ7myeEIbOOThgCfsnwTYCXTkkuLi9uMhtom8gwKuGX/AEcKJZo8Z5BliGGHDKMj5zNPYVYOcYpOKbTS62Wq6Pv6o9rLliaU4xk5SjLm5lLomtHqm9e/a++p+B37ZXhIaH4tu5RGV3rLsO1FwDFK4JJHzAlFGVcYIyysQpH59XWsXVlbLAssqqZNyY5aMlSrrGxBMauqncikBuu0nJH7W/8ABRvwgmnaRB4gjh2Eu67tjKzM6yKzOfvHG5gGJ5JQEsRg/hfZvNqNy9ow3F2VYnYE4dwAW4ySB1ZRhQcEkMCD9HwvWVXL4tt8tJuK72i1q/S/a+uh8lxLBUcw5Uk3Uip9rcyjby/Dpfdn63f8Ew9H0661L4i+JxJbPdWmmWmm28Es10l7bG5kFxJcQ2qQtp0sUoRo2le5F7bNGv2aIxXF00f65V8G/sAfBLX/AITeBvFeseJvL8/xZc6ZPpj2V9cXGm32m/ZJXtb2zwiW11BNHM7JcMftCyJsa3ggWF5vvKv9Rfo25dVy/wANMK6+GeHq4vM8wxTco8s6sJ1FClOSsnb2UIKN2/dsl7tj/Nf6QOY08x8QsU6OIVenhcvwOFioyvClKFLnqQj0X7ycnJJfFe7buwooor99PxAKKKKACiiigAooooAKKKKACiiigAooooAKKKKAPkr9sj4M2vxW+Fz37Xwt77wcLzVLaGdbmeG4TyWae3t7e0jlmN/Oi7bf5QsrDymljSRyPxV+CnhS6svin4U1nXbO40rwpp+sq2oeJNRtJrHQbQwMS6XOq3Ii0+3kHy4jluFfeQoUsyiv6X5dLtNcstQ0fUEifTr6xuY703DvHbwwCJi800iSQskaj5G/fRq+8IWJKg/hL+3HpujDwfo3hDwPe23iU+H9Y1O91qPw5aXr29kskkUSz3MAtg0UI+cJcjdaMCRFK/l/N/nV9KHhjBZbxpLMaWJw+HlxJgqWIxNH6xCeIqVoyWFqVnRqScqC5KaUZKMqM1B6wmmp/wB7fRv4ix2YcJwy+WGr14ZDjKlChW+ryjQp0pReJhSVaEOWrJzm3JOSqwc9FOGsf0/8Y/te/s0eFNAFnF8Y/Bt3eQwpD9l0a7udflRvKXodFtNSRTjBKvIoU/IxSTKr88+Gf2zvhvfai0/gvwb8WfilNFOI0HgjwJe30BmO9h511fy6dHBE33yzLlVX7o27K+HP+CenwH0P4ka/4i8YeI/BU3xDXwe9tHp3hNbJtUtrm8d7Rpr29sTBcwXENlHexSYmhmSLyXDJmUNX7k/FLwB4gtfDNhN4H8Pw272dlEYtE0+2isLW2URKDDFBbxRW8ZjRVhVVWL7iqpXgL/HeMwuU5TWWEpwxGJq6XlWrqFO75ZOLVKMZbeaT7qVr/wBgZfjM2zSj9ZdXC4amr+7ToupUcUrL3qspQTdnZpOW6aSscX4e/ba/aCtokt/Bn7H19awyRxmLUfH3xY8H+FG+8qhp9FsrTWNXDeW3mOjSxbAdo81lO70nTP2pP+ChmohLvRPhX+zHpKuSUt9c+IniW6mUZO0eZBJpsczbmCMRDETkAAck/mN45uP2h4tQa1Gm3ujWSMwuUs9xvCkrAKY3aNowR8wKpMrAIGBywFeD/GaDx9pul6Dqmk6x4gZ58wX4mvr6K6jvAqttm2tH5SsdxKuwG8IUVypz7GV5VSx0qTjHLqPtG+WMqVapOytfmnKq5X3tfdrQ4cyzOvhIVXKrmFZUkufkqUaUbWWkYwopJXWui1V/I/Y34mfHP/goRqFkr+MPht+zdLbTJ+8i8P8Ai/xGssaxlF2rLd6hfQxlkLEFYZW3tvKMGAPxp8Q/HPjObTI01D9nnX7PxBjz7zVNK+MPhfxXpd0uZFb+zNAk8B+E9Qs3fAUJPr+qPjcFR3dHh+C/AviT4sahqcNpaeKNa8lEZr1Tql/cbY4QRunDyPEEVw6IWbJbeq5OQPqbwP8AEvXNX1m08La5JcXk5XyrG9ZZN7GHcBDLNgFywDFQ5bhTnnGPqMTwvHCqpz0sDiFGnCteFOpCcYSsm786aemyd1bzaPFy/O5Y2Mf32Pw/PNxi5Vac46K6S91p7aqSab1er18sf4ueGY9YXRfFuna14F1VnASHxXp8ljA6Mu8Ol2nmwhD0EkjLGxJy/Bx9hfC3Vfh0s1kknxF+HsF1JJFtjn8a+FVZt83lqI1GpeWz7g4RVLlnxkN8qs/4tfDTT/FPwh1211nTLeV7Wwm1Gxv7iBfOsLu3RpUmtrhgssW4KyOquRhyzAk8+B/8E/8A/gkZf/tq6frXj3xn8Vm+Fvg221y50fRI9K8K2/ifWvEFxYzvBe3RF5rej2unWSXUVzbQK0d/NcG2lkMccRiM3g4rKMuowc8RVr4WKnTVqbVWMvaJOKhGpGUru2t20rNttHpU8yzSNZ4ejHD4p8s6iqTToyUVb+I4NR0eifKrvboz9G/Fd54P0CxuLHUPHPgu3v8AynkFifFuhR35j8sndLZy3iTx71BeM+W0cgjYhiq8fl943+NPwrtdcu7C21l/FWuyXjRLpnhOwudbuZJQ8kbRR3EaQ2DGJwEkAusAldu4SKT7r/wUW/4InX37F3w+HxY8B/Gmb4peHrCaAeJdF1vwVH4X1bR7OcnydRstRs/EWs2upwxkYuoJdP0uWJUZ0muC6JWb+zP8DtE8JfCLQvEdhZWd14m8Q2q3mpaj5atdI7vKhtVm+aSOKMBlECNGCpJkUktnm/s/LKMFVVXE14zxCoxp3jTafuN88ow5knGV02rSa6am9HG5riqnsJ08PhmqKrSqpSr8yen7qMpcqd1aSd+V36M8r0O4+JWutFLof7PvxBns2w6z6x9j8PeZ3DLHPHeEKykODyNjAgc5P3J8Hte+Ifgyzj1HVP2PvFGtywgCO9t/jj8PNE06WRnB/wBIt9Z8JCSJkDZZY9TUYCpx82/xf4s/ErUfhjZRvHcs+o3YWOwsZXb96zZ/esXbKxRBWYsNw4KqOpHzJ8S/HXxsuPD+h+I7PUtUmiv2d7yCwtZbix02IRoQ8sUYeCBNwYs0yLkhfm253fcUeF8px2DqRy7BzeLjSi5VcbUdSnHVOUoRi3Ul5y5/d3s0eNi85xOAfPjMZW9lz2cMPThGS0WjU4pL0d1ez6n7iQ/tpfEbRNLt7S+/Ya8ZW9rGqFZvCvxj+E/jG/lXBZpfsFhNpsoYh3IQyAFiIyowAef179vb4YW9tLH8SPgT+0l8Kbd0dZtY8U/B+4v9BiZm2srav4Y1HX3dBuGJDZqH3qyjaSR+BWg/Hz41WeraPpaeKrrUTeXVtbpYy20JR1lmVNsaiFclThGByGQHepXcw+5PCv7R3jrwNqJ03xRqNzp8ojSRJoxPNZy+YolMVzpbGdIiWLiSa3eFxvz5bDcp+XzThWvhZWdDC1bU+d+wxFWjNKKV3HmTh0uk12Wu56OVcR0sXFxpYnFwfPFJ4rDYerGTkopXdNRmk04p2at0Z9SSftFfsweOJxL4U+N3guB5J8tZ6vqi+FLwlmIa3ex8TppNzC5J5MSbwdrKT8wH1J8NtT0/XbWCbQNTsNUtCTHDe6XfW+qWsqBc5+2W9zcwsBwCwKgvhd3Bx8KwS/BT9oea3t/E/wAOfB3inUrvy4Z7i40ezfUYEJ2tcw6pHBa6taowAZGt7mKVQFAcFSW/M39tL9m5f2WfE/h3xd8KNe8SeGtE8QzXEUFlba5fw6joOqQgSMmnaxaT29+1jJEY5ohdSPcQ/KpuZmVmHzWGynCY9vDRxGIw1ZqTUa0adaN0ldKcFTemyfXS3c9fGZtj8uiq86OFxFNNKc6UqlCbvblvCbqK3ezaX5fqZ/wVF02Gy+D1vcSNi4lu/LVuVbdhSFAOV5EnqQG6kAZr+d7wHaWt54z8P6fc3kenLqWrWlib+UReVazXk628U0pmntY0txNIgmdriIRRb5A25cV96/BO9+JX7T37Pnxa0Tx/498b+OtR8Fuus+GJvEnifVdcuLNrS1SQ2gm1WW8nNm4wBE77AyTeVtdmaPwL4Afs/eL/AIp+M7ODT9Dub2z0jV9PGuQrJHb3UFpJJPKJIEkkWSQOLScpcxBo42j3kuvyn2skway2lWwDaxNWOI5IqMZp1XVVPkpxgrz5p+7FJauUrRbdmfKZ5jVmdaGNUVhoSwybc5RkqXs03OcpWUVGCTlzPTkjeVle39CXw48M3Hgz4ceDvDF2kiXOm6didZJoZ/LdyMRLJCiiSNFA8tnLOIyqbmRUY9fT3tjZLDYm6mvfsFra2P2q4ZGmn+y28cLSymP5PNkdGeXbx5jMckkksr/ZTgrKoZHwlw9lVNTjHB5Tg4ONRp1IylRjUnCbTkuaE5yi+V8t17tlZH+S3F2ZzzjifPcym4Sliszxc+andU5RjVlTjOF0nyzjBSjzLms9dbhRRRX0586FFFFABRRRQAUUUUAFFFFABRRRQAUUUUAFFFFADLuKe70fWtNtZGiur+xKWsijd/pEEqXEcbLxlZvLaIncuwsGxIAYn+TP2SvhzpnjLxr8UPEOv6VBdWuo3MmiNbXMCNE8RDtdq8b/ALoq6zspHlDDx797kLX17bFhcQbSQ3nRgYODkuBjPvnH0NQfAXQoPCtx4kCCKFb7xXrF1s25KpJeSNDEzMAcxxFUAO7AUnOSRX+cH028go5bnvC/FWGc/rGe4DFZZjYc9R8s8orYR0K0FKTjD2tDHOlKFNU1fDe0fNOc5L/Qb6HGe1cfkfEnDOIjF0clzHC5lgp8lNOUc1pYmnXoztFTmqVbC+1U6kpu2I5FyxhFP5j/AGLfhhZ/CD9pb9ob4XabClnDDrMeq2FvG21V03VYLcFosqo8g3WmXvlKmVC4UErtr9X7nwv5cEkBiEiFNq5AUNuUgq2QOeDz3/Dj4d+KUdn8IP2svhL8bJ7m3sPB3xXsYfhl4vv5Jkt7XT9fE8cnhq7vLiVlgjiurqWTTkkldBJc6tCCzrC+P1A1HSpLOMefCrebCJLeRRlJIXG6KRSSAMjB5IboCARX8Z5mquLp4LMYRcqM6EKdSau3GvSShU53feVubW2jTtZH9i5X7HDVsXl02oThVnOEXo3QqPmhKKtqk/d0emt7H5s/FHwq2k3Usj6eLyDe5EDxBigLEHa5+6F3nAAyMDO4kCvlfXPD3hDVfNF9okhJYE2pSKSElXXaZIZUKkh8Fco3IZRw2W/VHxv4RXVYZZCBJIGx8/KqCSduQcZ4+YlSa+ZdT+GHn3LxQwDzWcqSYgwKs21gvHG3tgfKcZGAcPCYqrRqRd5RV01ZtWs1qrPTfW3bsd9bAUpQ1UL7NWT5k+rVnfTa/T0ufEtvoOjaTHImi+FNKtTKxJMWnQedIgYbRI8UMXmKPmGGBCjdtIzk/V3wk+E8vjWLT5L/AMN6fbW0KxyvNHp1tGJWQoUZZEiDhzljuLliO5Br2rwT+z1b3Msd5rDO0G7eLdY18txgbScsG2gZIGP4sFcjI+wPD2h6b4T05ILe3htrS0iLuZQqqkcY5lkdsJGF2MNxIC7GP94n7nLOLJ4KVS9KWKnVw/saUZtzSldSTSXM9m0lrrd2skeFi8moVI0uZwoxpSlNzUYwTVrfFoopaq7dlom+/wCSH/BQKxi+GfgP7BbrHZWsGhXd/dGJijTSTALBbMBlXDRRSL5bAhmlRCOQK+k/+CW3iTxR4b+CXgfT/DfhDWZoILRLye5S1Upc3l1IZZpxK/3hM22fIiB3PI7EZUH5A/aO1a2/by/as8Gfs2fCG4h1rwv4dvrbVvi34x02VLrTbew027tGGkW92m63nZ5Ibe2YRO4WRXIDxfaNv9X37LnwH8HfDXwdoPhrSNItbaw0uxtbSBFRFfFtGkYYgAKd5U9Ado4J4BrDPc1eb1MupulHDV4U6cq9OPM/fTai5ppNNJptatfI8nB0YYX67iYSdelL9zSqPROMXCUpQbtePOrJ9V5av8Kf+Cq3jn4u6r8FfGFtdeDr2PQdU0eaC/FwDcxosSAtMxUosbjzG2EAhFOCA5zX51fsA6ZfePvDNjpEMgmgvfDWm6lErlmjj1OxibTNUgCHC+YLqyEgREIZrrcGLE1/Zl+0v8BPBfxQ8Da54N8Q6XaTWmt6VNan91HIYTLE4V1zgiQOockHkcEYPH8mf7I8nh79iH9sXx5+yz8ZbpdEt9T1i7v/AINeLNS8u30vVtL12SK4GgPfPtjjnkvbdZNOWSNBc3M15BmGeSxt7ziw1ONWriMDe9ZzjXU29d4xnZXXwpJ97LQt1kvqmLs4wUfYTSWjTalFydtntq97t9zrvjD+z3fNf29zqXgay1ryoyiSXljDdCFRzuSSdS0S5AO3KAY3HHzGvnPxJ8MfCeqaY/h7XfDt3p6ombYWUz26w7tpaRXikbYUYgSKiOsikRuo2/L/AENeNbOyuHNu9nbzJcw+Y2Njv5UwJQhdrhwyqGDNnOc5718SfEj4SxNqLXtnptrPZyxqs8PzBoyd53AJhQ2WG0odpB+ZlKgV9Us8wmW4erh8Ni6zx8JQpzUovl9ml7yjdWvdrV6Kzta5rPK1j5RlXw9CeGqLmvZSk5Nqye7Vuy6s/JnwZ+yz4etNXstYtNU02S/tQVtjql3C0uniQ/M8QTSrF5JcABGn89UUHy/mOR9QaP8As9+DNVdUv4NP1i/eQefNDp0N1LI2cAG4vIGkRhuyGiUjKjB4r37Rvg/4evbq3fyLu2aOQklZpkjiKkZDIcq4JGArg4I+QlsV9W+CPhX4d0ny5o081xtJfIdyzKCR8+7jJBwADjIPt8vmOd4iteU6851JRUVOUru3W3ZX09Fqehhclw2HSVGhTpQT5mowSTaa8k29NPPWx4L8K/2X/CPh24hudN0CCyuJWU/ukxGWUBiHQoAznklkwrHdxjNfA/8AwUS+AzfF/wCOv7PfwKs7xrVvGvip4r+a1EIuNP0fTdKutX1OWFvKkSGeSx0i4gtpJEeNLySEOsi/un/fzR9KS1jxDDmRFGxV3KchRIcDJXIRW3bFHzEg5xgfl/4Ftofi9+314/8AiKpkvfCX7O/hGbwpHfAvLav468Sz2uoajFamNREl3oFhZLDcoST9m8SwnaSg8vxcJXr0frmPblalh5xot6L21RxhHlbtdxblLS6Si77Xd5jh6OI+p4FRhKVatCVaKs37KmvaT50nopcqjqle+mt0fHP7Uv7L/h39m/4U29v8DbXV/A0ugy6UNcsfC+q6lps/jK0eR7S/i8TSWk6zawdRVxHO948zGIkIzBUrqv2dvA/hnw94Ni8W2vhJ/DPimbRl0qSSW/N9eXWn6ldy3i3Fzcm2t5VulkJAWQSOIY1Edw0LqF+2f2gNIh8feG/HAZHlU6a88KKVJVbKSOdfLDo6K5WH5flyuOAcHPzj4Uiu7XwpoMd0Gjmu9Otr6eMkEgSqwtFZhjcEtBFIAQAss0xAAav3r6K/DlTi3xBwOJrSjXw+RSq5tjI4iPPzRoPD+xaes1UeJqUoU5XjpzpycVKMvwP6Tmd0OFeAcbQoxnQxWdexyvCOhL2ai60avtlypJOnHDU6jqJqXvcjSUnCS26KKK/1jP8ALkKKKKACiiigAooooAKKKKACiiigAooooAKKKKACiiigCxaHF1bHpi4hOfpIpqKyv10y91m1T5SNYvnGC24/6QVXqpyOM5756BeiIxR0cYyjKwz0ypBGenGRzzXL6zMYtf1VSQuL2aRRndvSUiRWBGOCr59fm5PWv4B+nXQqvA+HOITqexji+I6U1G/s/aOlk86TnbTm5VU5E90522d/7o+hRWpLHcf0JKPtfqvD9aLdudU1VzSnUUdbuLlKm522cY33R7Jr+g+Cfiz4M1TwB8Q9Ig8S6DrVr9mu7G6DIYMrtiurK5zvtL22YloJ4SHDAqd8ZZH2Phn8Lfjl8OtCtvDXw3/ag1m78I6WjJpXhv48+CND+MH2S1y/2bTbLxDZav4A8UWthboqwwqdTuJ44wv76QoM+WaHrLQ+X5nVNgyzY3cNtGcckMe5xj65r3zwv4qiYovnrgBcEjflhkqCSuPl3A8BiSOnOa/gDB4/GYWMoYbETpU6jXPSXLKnK3WUJKS9WlG6tfuf3visDgsco1K1CNSrTa5KlnGpG7je0oOMuWybs72etlpaLUJv2xbd3SDRP2VPF1orOJJ4734xfDe8uAxADG0mX4tWMcm3B+W7Eaq/Jc/MvOxy/tZGRZG+BP7PizZGZ7r9oHx0tkxB4dkg+Av2oxkZ5Vw3QbW4A92g8UsMGKUBGQKMZwcEZ3L64HfPHQA9UfxJMnms0ryJn5QQcdiAoxnqcYP909K9GGZVG7VMPg5PT3nhqabWm6iop330Su9TmeTxUmqWJx0I6WjHGVXZWWiUnJv5u/meXwat+2TLZyWt7D+yB8OoGjwus6ZpPxo+L+taeCD89rba94k+GHhaWaNigjF/od3aybWWW3Zcl/k74++GfEniTQrqw+Pf7TfxW+K2myxTKvw+8HJ4U+BvwrvkKlEh1fwP8MNK099VSJtrxz6nrt5dR7VL3EhQu/0z8QfF2oPBMkLNGkau0ZLqrE8bc5Hylu44A7HuPBvg38B/En7SnxInTWtTbSvBPhtku9evpXYNdMWEkelWQPBlugmJpQCLaAbwHkZCudfM8XF2o1fq8NOZYeMKN49rqPPvZ/En2a69KyLBKEZ1adSvVjqp4mpOvZXSXuzly2tJrRLuz6a/4Ja/s1eEPhf4dv8AxX4f8L2GiXPi7UXuTLDDLLMumRFhZ2y3l41xeSxJBGvl+dcu7NJIz5ZyT/Rd8NYgjwRyZQJEMBiPujpknhecZJ/3cen5i6P408B/BwaZ4c0+WxtLLSrWO1toISpURxKETJUNmRsYLEnnJ4HT3PRP2oPDg8uW21SEKcSAxSshGBtILKeQSTkK2CT93+I45bjowrutWqTqTlLmcptyk7NW1evfVt/ccmOy6pWo+xw9JRp8ijFKKSV1ZpJOyV9dtlrbp9r/ABG1mPZPGXVhHG/CoS3GcEMc7gM46tjpkqM1/Np/wVD+AHw3+NT+F/FviTQxPr/hnUGt2uoZLyxu7zSpZFaazW/sZbWdGjkWOeFw7ojohIJVNn7SS/G3wrrwIl1BBJMo3l5QQS3PzM2NuechjgnuQRjwH46/B7RvjZ4C1bT9F1CKx1byZZtHuo5EdftCFnWOQBiphmKbCeignpggvGZhOeK9vh6s6VS7leLalG9mkmmnoml0633sowmXQo044fE0bwtFWnFShzLlfztd2v8AfezX48/CPTfjj4W0HTdJ+En7XPjF/D1nBFDbfD79oPwj4a+PPh7TI4YPLXTdG1e/Xw5468NWAVI4kXSPE3nxQiQwzBmVF9eu/Hv7WmnXDt4r+DnwH+I+ng/uJPhV8VfF/wAOtQmQDask+h/Evwf40tIZZBiVrdPGTRR5aKKchUkf5s8N6f4l8GeKtR8O67BNpuq6RfzWN7aOxIMsTbHKjADRPnfE7A7kZcA819caLqeo/Z4pS8juu0I7AOOgwMdm6E9+eOmR0Uc2xkmpV3SxDjypLEUoyd7LVVI+zqapNaST1unc9JZDgYpToOthnytv6vVlGDbSbfs5c9PorLkt95Q0L4kaqjJJ4t/Zt+P2iFiS6+F9b/Z58ZIrjnC3Vz8bvB880ZKjbKNMQqWVfKJ5r2jw/wDG3RbZBBpH7Mv7S2v3aNjy9b8Vfs1+BrRSyqFeaT/hbHi64SNQwP7uNpCQ2EY7c8bi6uUSSZmYliSGdgCR2RSc7eeBwST155SfVW0hGuZJZoo2kSMOkcsjb3IUbliR32FsFnC7VGSx25rs/tKLjGUsBgpNO75o1WnstpVX1XV7OxyTyhu8f7Tx61d4xlQi7afajhotJ+UtVo9jpfGvxs/bm1zRNT8K/s/fDX4Ifs0ReIbebS9U+J3j/wAcXnxT+I+kaTcgxvceG9H8NeH28OprCx/vY4bzWksDOquM4WSPgvhJ8JtB/Zt+Flz4J0rX7/xZr2sXd94j8f8AjvWf+Q7428YatI8+sa9qKeZIEmup28uCFJpIrayht7SLEUKA9Wni+4hAD3LtcFQOQSqqV4+UrjPIORnHqa4bxR4iEphinld5DlnIwAc5AyQMHB347Dj6nz8fmOJxkI0aipU6ELzhSoU1Spc1kk2k3dq71b6vzNsBk2CwVademqtXEVIxjOviKsq1SVmrJOVkk3Z2S3WnUbfmO48JeJZGG8z2FzbKgwS3nJsx3K5ZztyDggcnFfOOoW62d3LZIcrYiKwGOi/YYY7TYMYBCGEoCvykKCpK4Ne3yag1tpTruDGUpO0JyRItv/pGDgg7WjiwRkZJA3DJNeETStNLLM+N8sjyvjIG6Ri7YBJIGScZJOO5r+6PoMZNVUuPs+npSispyeivd1qVPb43E6J3SjGnhLaWfO9W0fw19NzNqSnwPkUF++f9q5tXeulOKw+Ew3k+aU8Ve+q5E9FLWOiiiv8AQk/gYKKKKACiiigAooooAKKKKACiiigAooooAKKKKACiiigArnPEmlzXbwava5eSCFbfUIwTv8uLKwXijJ3KEIhnIB2uqO3EldHU9sA0vlMTsnSS3cDPzCeNowpAzkbmU9OCA3BAI/IPHHw4y/xL8P8AN8oxUXHMcuoV85yLFQSdTD5rgsNWlSptNPnoYyDnhMRT6wqqpG1WlSlH9W8GfEDMPDrjrKs1wslPA4+tRyjOsLOTVPEZZjMRRjVno1y1sJNQxWHqdJ0nCX7upUT4q2kZgrHjpnnodx5GQRwOmO3Ga7zw/fyQzQ7ZypZlCqTkYAKngcdMEk7Rnvkc+aW1wUumhbPyStGcgjlWIJPQ84Oeg4ziu+0pkB4HKlTk44yD+PpjrnpntX+Ksv3d7Oze1np26W6rX/hj/YuMmrNNrZ2vp0evc+hdGukaJGZASFG7LHqTjI4OOeemOueADW1NqUdvDKFhR22ksXALYwduPQ8DnauexwcnyrStSdcRiQbSMjs2QB04Jxn25/WvRNI06fVZY1DHb8u8lCS2cA4zxwSOAB1zu5xTjVaipNt+u9/02/4FzvoNVHFtW1V9eqave3r92x5b4pS51hZYY4CGJ2qiKSwKklW4OeSUUnBCkY6g1wfhj4nax8LbLWtKsp5rAid7q7WMmKZySGBflSwKAbCSB0XJDZH6GeFPhPYXCLc3Fusk0wAdn+7GoPAONx3dSQDt5IKjivzj/a6+C2sal4ovG8Na5P4cuo4vIklhVjBKm0qwkiAaN4iN2EePDhgpz1rWmo1pKErvm5bJ7Kzj0/rtfc6alWMFJuz5YvfXs76rWzt1118z4I8af8FL/Ett8RNQ0PVPgt4j1TSbO/8Asia5ZeJYTeSxb0LXC6bdaZBbshRifLOqqcqFaUZbb9peA/2iPDfjPQbTXdIlvrPzkUSWerA2d7ayMgZo54RJJCGUlgzQTSxhlJD4KE/nPqP7N/ji8vHbWfEdhdKlzvaS1smillyVJLNhMnYXGRnDDJBB2nql+EninwzbJaaJqEyQTBC7SXEqSKG25cK2RG20YQjh+Bn5hj25YfC+zpKlShTmrKTi5O9kld80m737W21Wh4NDEV416rqV5VISblFNRSinb3VypXta2uvRW0Prn4i/8FAfhx8JbgWOqS+NNd1Rco1r4V05r8q2MZE13dafayKACWMdw4KjIY4yPpX9lz/gpHofxMsbi18NReKbJoJZUksPF2mJp1zGsZKP5Mttf6hDOW3EiTz1ZlJAjr8eNf8A2dPFV/O2rWs8d/qDbG+zz5lZy8Zyv7xm53DBD7ScryCTj0r4TfDT49eG9RFvpvh/w9p1veGOFr6UNNJBGXwzCBHiR3UgyBXOd3AYqMHLFYLCSwy5HJV1Zym3ZWUVdKK01bsne6SVjfC4qpVxTVWcXRXuwhKMdG+VqXNZPr1dlr0P1D+JfiOP4gfEa+8S6ZBtknW2a9eJTs86FOfm6lm4UuRklSeijHq/hK9PlRG6XACqPl3KocZO7uWBKgYA46816X8Ff2dktPh9pN5q6m71vULdLm+upiFeWeUB2YEABI/RGVcDIXYvNT6n4Fn0K5l3wEQRuVQhRnIx0xgHg4GOCOcZwT5SfLLR+TTturW03vbsezGrCacU/hunr2tdX0b9P8yS3aGaMM7Alc43jB2ryPlwAGOeeDnise/lSLcrKCBjbgDCnIPTgfpnJAzk1FPIbc7UdkyGHO4FgR3x9OeoOfcVzV9qJBIdumQFbvkde4P1wSAee9be2sknd308t106P+upzVFGKcn1Tb89tL9PXyKV3dxBzIG2sFY9CuMkZIHJ4PGM8AHHbPn2q3oubgtywyduSOh5HTgdOBzzznkk7V9L5jZB2ghhk5OMZIAAAGMdflyTnHUVwLRaj9vupJpYGtHeFbKGJJBOPlHm/aJCxViZc+WsYwqEZIwBWEpbpK72t939af5X5lXioxaWumj2S01u9LJFu71Z2863Vd6R6devMSVVYxc28ljEcED5vNuYyoGWLYAGCWHE10evp9hmGnIADsiuLuVWP+kzMv7pSuSBHaqWSJe7vLIfvqF5yv8AXL6LXh7jeA/DLD1c1UI5rxXi1xHiKELt4PC4jB4Whl+Eqttp1o4aj9ZrJKLpVcVPDy5pUXJ/5O/SZ4/wnHfiRXjlvNLLeGMJ/q9RrysljMVh8Xia2YYumuVSVGWJrPD0W3JVKWGhXjyqrYKKKK/pE/ngKKKKACiiigAooooAKKKKACiiigAooooAKKKKACiiigAqSH/Wxf8AXRPb+Id+1R0oJBBBIIOQRwQR0IPYis6sPa0qlPRe0pzhdq69+Ljquq12LpT9nUp1N/ZzhOy0fuyUtH02PPLobNUukQBSl3MD/dB81s44IBwem0HPJIPNdlYzEYDEnhegAIZcbs4HPPXnnqPSuV1gCLV7txnElw8ysAR8suHXvkcEHr0xkAit2y3MMnk45IHBwBkjHbuRg9fWv8BszwtXCZhmGDr0pUq+ExmLw1WjOLhOjVoV6lOpSlCSUoShODjKLSaaaaTP90MtxFLF5dgMXRqRq0cVgsLiKVWElONSlWoU6lOpGSbUozhJSUk2mmmm7ndaXLvdCHIwflY9PTB6HHPbNfVfgCS0ggtrq58ppFK7QxIVThcluPTPUFecnJAr5G0uTayYPEbKffr37k47epHQ5r2nRvFFtZafvvJNqQod+WRAoAADKWOGJUdMg+56Hz91BWdru++mq3totG936HsUZcsHLazd77Pbf/gX+8+8/DPiGwkjBjdREjFGlDARh8KxyTjORjDcjng5rwn4o+FNP8TeIr4kxyiVAGnViAmFXIjdPLDZbIAKsh2jcWzk/Gnif9pHR9DlkjhnX/RyVCLO4IwSCx2Ebm+UbvkU+jBVBHjPiP8AbNvmBh0q3jhlwE+3yXhD5DfcVfl3AoU3MeM8YOQa9PCYevNXpUJS1XvpfCna1nJ21umvL7xQpxqytUrqKlZtJ6u9nZ32Xy6XPqPVvgtFJOfKa2VyrCMspkYuxJEYLAjJGcgjkjbkghR836/8KfFSavcW9zAQsT7bZguQyKCRkKMg9T823IA9hXhGsftL+Nr6ZLqbxJcQ7ZDJHFbzFFRw6sASm3JDAEKQPvY5BGfWvD37aHiey0PyroaBc3yqqJd6lpkEt6wVWJZXWRPmJMf30JLLlSARXpU8Jikm5JybWl76arVadeu97Xv39GGUUKtJOlUhdauLdm9Vd81rPyWnktD6K8G/Ai+bTIp7+Hy5niIGQI5H5PLcsQuD8gKhsZ2qcZr27wR+z+qapBJezSxwnZIyrlYVKksQGaPzJCy7lypUZy24dvgGx/aw8cG8/tFddhLrI/lWKw/6LuGCqvBu2kckKGJxgA7gox9R+Bv23I78QWniexTTrvCYu4Y8W03y/NnAHk7hkZKhFZyCrcmuWrRxdOSk6bnBvVJaqNotuzfS3m/Lc58TlqoyjyTgpKPNfm2do21Wuq1d7dz9dNHj0az0q2062mjZbK3jgI+75W1ApDnGAxKnAyWzj3NeYeN7GymErxNHIV+6N2ch8ZDMCcY4ZQB97knODXyhpP7TemXF2Etroy2FywLqWUyea7KAChVI2Cj5gSABzjGTXpsHjbTdftTfW947h8KUmZIyXTaNu1DtwvUFV/i5yea86s46TSs7NvpbbrZf1a+pzYe8JuMtW1rJPRu6V1a6bs9Xc8r8WQLZTSMvyksQFByM85JJPpliC3HrwRXkF7dyyyEr8w3nuCRn2wOQMHG7tzkdfVfGFwt3I5GMJvyQWOMZGMbuQCDwQecE46V5VKgUkle+M4Geckc4/An6+tYqXMk73+d7fM6K1uVt9Iy0fXbQz3clBv685OepPQY7fmeuKzbVBJfwh+Eid52Aw3FurTMG+XgbUznqc4GDWjOeuD3HPXoMdz1+p+tYF1N5VpqU/wAwbyFt4nU4Ky3MiK3zAZOYRMD9zA3Akkru+x8PciqcUcd8IcPKLazfiHKsHVaTnyYeeMo/WajTsnGlh1VqTT05YvXo/wA/4+zyPDXBPFWfSklLK8hzTFUry5b4inhaiw0FJXalUryhCL35mktdVyuoXkl9dzXErBy7EKQCo8sE7AAeenPzc5JzVKiiv906NGnh6NKhRhGnSo04UqcIpRjGEIqMYpJJJJJbJI/xRq1alerUrVZOdWrOVSpOTblKc25Sk2222229WFFFFamYUUUUAFFFFABRRRQAUUUUAFFFFABRRRQAUUUUAFFFFABRRRQByuvJm6ifkb4FDdPmKMyALkdQm0HkdBznGX6ayngvnIOckjgfKRyQO+O3ByOKv61aG5tTJHnzrfdImD1UgGRSMEkkIMYwQQOcFgeYsp3XaxO0EkEdMYBBODyCe4PcfTH+P30m+A8XwX4q57jfqsaeS8V16mf5RXoUXRoTljFCeZ4aUYx9nCvhcxliVKMJPno1cPiHySrulT/1j+jdxvhOL/DHJcJ9YlUzjhejHIs1o1qvta8Y4XmhluJUpNzlQxOXxockpRjyVqVfDrnjQjVqdhDfmByMsCThcZAYd88gk89s5J5rnvGWq3p04x2xcybSUIyz5xgDhcKDxnHOMjOCQYp7xYmDE5K9ApHtgkk9fXvz04q00Yv4huYkYG5cgg5IOQc4J6E89q/nmNOadlr19Hp6/P00ufvyk0uX7Ol15J3t+n/DI+DPij8BfiB8SLq1u9F8X6hocJmL3dlazQ2xaMh3kZpWVnY8oqKGySWOAQCeUsf2P7u5Z7XUfHniSBxHj7S2qSzuJNxWUeUqxoIkEZO4s8hzhQF6feusrNAiCCJiyuB8qsOcZO7BB7Z6kD8q5K5+371Ks8buNpdSRgNkYPIJGWyTzgEA/Lk19PlWY1IRVGqlyR66J2bVrq2v3vRLQ9rK45TSqueMjGUKijdyvJR6NLd6L8n3Pk6L9hLxGI/tmk/E3Woo9x8ma5umgWcYfYYI5VmDo23YHwuSVyVUnED/ALFfxra5SLTPiS8vlgXASWRGijb5kUNGUKTM2PusxUkFMYK7PrW4bWL0gya/NAEUBMuxwAMqNquEUAY+4AuRnPAqe3u7+1jKN4nuHCNvMYlfIfJc8iT5vvbhncVLkjtj3XiqV24qL0VrWjbb1Xz/ADufZ08VwZTpQgq1KM7pOUY1pW+Gy0vZd3dLrsfG9/8Asd/tEWsLX0nxGuopghmiiaSzigaT5MKbZFCL5isdokaPDAg8jacD/hG/2kPBlvKs1zo2uxRxxsj3trPbXO/cpMbPBNJEg5ZmcLwEK7UAr7/gvtVumaWHU7uQOpSUebIgdN3CtgjcDgHIBYY3c8ita3VpWZZ7eOUY+ZZAHBwBu+Qqd5OQcMMk5PasKuOowh70VzJXVknd6b6JW3Wt+yvoefmS4Yr0msHWvUcVG8HVTlort87aetrde19U/wA7/AHxI/aRPiS3t9U8L2MeiKT5l5Z3DCQOpAjK7ym9CQzEIFyp5f7uP1t+EvxE1KTR4rfUUPnANvBLsu7cpypbOMjheeS21jtCkcFYeGLFx509jEhJDYCKiIWABAG1GLf7XLDv0Fd5oumw2GDbQ7QMgEclQSCRjOeSpIznqe1fJ5jiljJuUaNOmla3IrN8q6qy3e+mvZWR8aqVPCwfJUlO8+Zc8k5W00+Fadlrb1Z78dQF5bPIz43DOA2Q3UnC9AGxn6DPc1gzkyB2CtjgkYGeMjjrgnjPJ79M84ljegFYyfmwPoAcZ4x6E5BI/McaM1wNp2kY+n3u4ByPUHJGRgEZPbzLcqdlbd2foRUrRnDl1vb/ACf3p9etn5XpT4wxOMZIAznntxjJIA5wMdceo5jXJBHp6x5Ie6uwSu0YaO2hyxJxwPNnQqVznDAkAYO1dXKKoJIyMYBzg545BJ5OOwzjGBXHazefabhIVP7u1QxqOP8AWMd0x4JUnf8AKSOPkwCyhWP9PfRG4SxXEPi1l+cOhKeW8I4HG5tiq7helDFV8PUy/LaDlZxVeeIxEsTSg7SdPB15xadM/mP6VfFGHyHwrxmUqvGOY8VY3CZZhqEZJVZYWhXpY7MK3KpRk6MaNCGHqySlFTxVGEladzHooor/AFrP8sgooooAKKKKACiiigAooooAKKKKACiiigAooooAKKKKACiiigAooooAK4bWrUaZKsyf8etzIQAc4hlClmjZj1WQbniySflkUjCKx7mop4IbmGS3nQSQyqUdGyAQfQghlZThldSHRgHRlYAj8o8YvCrK/FrhHEZFi3SwubYVzxnD2bThKTy3MVFJqp7Nqc8DjYRWGx1G004OniYUp4nC4dx/UvCLxPzPwr4roZ3hVVxWVYqMcHn+VQnGMcxy5ybvTVT93HG4ObeIwVVuDVRTw8qsMPicQpeaO6ygZOCeQCeeQD047Htn04wK2dNcgDcxK4XaAQOoGSQMEDHGD069TxxnnxxXlzbebIVt7u5t43kZTJJDDM0UTMY1RCzKBv2qE44UKAK6jTpQcBjknJ69PQcccYHORn0r/GPFYGtl+NxeCrOMq2DxFfCV1CXPBVcPVlSqOnO3vxcoPlenNG0tnp/sLg8XSx2DwmOo8yo4zDUMVRVSPJP2eIpQrU1OL1jPkmuaO6d10NmdbecbeCQckg9MDHPU/wD1uD2xg3dnakBWj5B/hyDk7jx1zyRk89xgYGdg28hLOgIDDngn6nJ9/Q8546VWa1lLBmPOeFI5GemeePU8cfWk5ckeaMUm2tFpfp0sdCWraejW3S2ny/DqeYX0F5LdGK3tjHbg+XHJlSX4IDYUqVweDkNkYKkEnHPto+qrMSUkG05yd25snoFzknCg5yeDjGM59uuhDp8HnshkdjgFFLndk7V9BwpAAIPPGeKqQMt7OhK7cAEgjG0EnAwTkkZPHoec5oWJxG65tNUtf7vS2vR9vwNoKhyrn32tZ949Vuui17ddTmdEsruBAs6SLu55I784+UAc5IIYZDBgSeteg6fpyllcqMqVOzd97J69ODnGeCMDnqa37XSYpoFWMDd65ywxnjAYY9gOcdCepvf2Lc2a7gQ+TtIQkFQOckAn+Lnjnn16y8TJv95F62S3ta3XTzFPk3hK9mtNbrRd139NPuWxZWImRS7joAwBDE4HAyMgYJwP0GMVtosdqPlIY54JA2j6/iTnIHH3axdMhuTtDhxjnkk8kZ65Hb17+2a6RrQCNRITzgsffk8NkjHI9ePU0moO/LG7/wCGt0d/+D6Wjmb+J8ytZJ9Nttd9te5DC6q2QQMkMSM5HfjOPXHJAGeOamaWTnZIcAAYztBAOTkDp7H1BzzmonWGCMs+1FXPzkcDapLMzcHAxkt04yDwccpPrsbzNaWE6TOgLzXKEPEgDlDGhU7WmJCjdllUKTywCj1uF+E834z4iynhnJKUKuaZzjKWEw0KtRUqMOZc1WviKrUuTD4ejGpXryUJyVOnLkhUm4Ql8/xRxLlXB+QZpxLndaVHLMows8XiZU4OpWqKLUKdDD0rx9piMRVnTo0YSlCDqVI89SnDmmtHUr1QTGGzMR8xTjYTnBZs5DgEEBSSCOSMg1ztKSSSSSSTkk8kk9ST3JpK/wBivCDwmyPwi4YjkeV1J43MMbOli8+zetFQqZlmEaSg3SpK6w2Bw96kMDhOapKjSnKVWtXxFStWqf5G+K/ijnXirxJLOcypwweAwkauFyTKaMnOnl2AlU50qlWWuIxte0J43E8sI1akYqlSo0KdKjAooor9XPzAKKKKACiiigAooooAKKKKACiiigAooooAKKKKACiiigAooooAKKKKACiisrW5Ej0m/Dq7LNbtaAIMndekWiE/MpCK86tIQdyoGZQzAKfKz7NqGQ5HnOe4lReGyXKsxzbEKc/ZRdDLsHWxlVSqKFT2cXToyvP2c+RXlyStyv1MjyqtnmdZRkmGcliM4zTL8qoOMPaSVbMMXRwlJxp89P2kuetG0PaQ537vPG914heLNKv2shVmnZ53EasAskzmQqgZmcKrsQqs7MFAySc1PpfiVLOb7PqYMZ4C3AUsrYwD5oGShwGJbkZJBC4roJbRETBBOEx3H3e/U5ODwPpnIri9V08OzPsJEablwoYgEjPIXcODnIIIAzkAkV/g7HFVcTia2JrSdWriKk61WpK16lWtNzqTellKUpOTst320P8AcSnhqdDD0cNRh7Olh6VOjQhG6jClSjGFOMbvaMIxS1vZLU980e6s9RgjaKSN1K5LLIr5GCOxJzxnBwcdMDitPULGFIhLtBJAUcAnplSDng47+gwetfHn2/W9BumuNJvLq1YlTtRyY5GBJxJHny3AAAwyEcHoc11dh8dPENoPJ1jR7TUYVBRXt5WsphjgswaO5RyRvJGYwCABhRXclHrBbLTzVuq8zGUpxTUZPt99r7+n4HvM1jJfxCFMKoYHJ54ByQMYyecjGO3XPMq2Mdko+VFbqxUbs4yDkgkg5yAOea8Xi/aB8PW4b7T4f135WGEg+wTRq3HIL3EDFflJ5ALYAGM5Ft/jn4avgpXSPECk45Ntp6453EN/xMSA2eBgtwCfaumKglf2e6VvOyW33b6PoyVGu+rXldd1vb+ultT3TSr2dJxBCm/eFO4uF2DLAk5DBuBwMKWPAOMGvTYLOO5Cu5OSck7hgn1Hr2GQMnHTHJ+TYPjZodqv+jeHtTnkwdjTS2cXJYH52WSZtuPmG3d1K44yYL39oDXZUMGl6JZ2igZV57ma4lByOT5aW6YClht3MpLcggGsqtOnOzjTsrJ6taWSuunVDp+3hrKTu7bWfZ+fbfrq9L6/ZUj2VhEzPsTYpdmbAVRzjLHjoMg5HevEfF3xm8K6GXit7l9Xv1+VNO09hKiuSQGluwPIjUkYbaZZF7x8jPy5rXjDxf4nVl1HUrl0lY5toXMFsoYYKtFEw3qAx/1hZsZJPcT+HfB7TskkyHLEHdzkbMMMBj3cc7unfJ4rnny04N2132XSy07f1Y3pxnUaUpNapWeml1r/AFb13PQ7jxp4q8aSKtw50zTmf5NPsmkRWXGFF1KW33Dnk4LJEvGIlxXpmgWr20ciNggRW4Bzk5HmnaepwF2EHocnHIIGJofhyC2RBjKoMYXpuI6KMKeOcYAXjaDmuvjgeC8cFWSN7SEhd2V3rLKCcdM7WUZHQccd/wBv+i1Vpx8dOEHXU5TnS4ghh1CUYxVWXD2ae9UTi3KEaCrWjFxlz8km3GLjL8Q+lBRqrwT4rdJwSVbIZ13KMm/YRz/K1aDjJKM5V/ZLmlzR5OaKinKMleooor/X4/yWCiiigAooooAKKKKACiiigAooooAKKKKACiiigAooooAKKKKACiiigAooooAKzNUR5o7e2Tbie6i83Klj5UIa4ymONxmihU5BBVmGMkMunTbSBZtRMzYK2tvsHGSskzB3yDgcIkRAwQd3ONor8N+kjxC+HPBnjSvCfLXzTA0uH8PFTUJVHnmJpZfioJtPmtl9bGVJQWsqcJxvG/Mv2v6O/D/+sXjBwdQlBSo5bjqmfVm4uUYf2LQqY/DSdmuVvH0sJThJ3Uak4O0vhfH3NiAzKRkgYwcjoAeOM4H4dsDPXnLyzRc/IcrkgEdyTyOgxxgd8diBz67dWqGN3VVycnoBuPOMEnB5wOmPWuKntJJnKGP7pyRjgYODgADntk988jv/AI50YuNtPhV29r7d36bfqf6/VKMnHmXwxjZdG7Wva2u/d3+88jvbBGbhcswIAwD97d04Az0z7d8muH1bw+xDSRRvuGQVCggkDBbGDwVHJJAGOO2Pc73TF8zIQZwDu4GevGMA9yf5Z74V5p+1GygZT1GBnpyATweh64x+ZHqQfNZPR6L5aa2+Z5jgnsmnfzb+fz/E+fDo9tuPnxqpXvtAySPQjHGCO2OfSrsNlAgHkxqQPlAwNoUcDnpwSAcH1+ld5faXE0sjtGVXllXIyuSevbtzzx144qvZ6bufaI2YbscqepK4AyQMdRnJG7OK676RX8qtf+trHbSiuRXV3577LTXscta6bJcPtERw3GQoPA9Mj8iT77ew62w8KsyLK+xM8fMMsT9PXAAPIGAOvIrstP00ICqxiMnOcghsDGcnqW/w6Hk10cNoDhRGSqjqeME4G7HJ7fd/wrGvPRRu3o01d/J9na6MXG7Xk9fw0+717HH2Xh+EOiiPewbBJBC5xkYxk4yTnb1xnHFeo6DorTSxDaGKnBVOEx6jjjnGDkcAjjkVd0XQZLuQDyyMYwcDPTsDn1HODgZz7e0+G/D8dmmGVHlkGWYDAVTyAu4EKQQOBhj7da8+s7QdtXa7S81s9+rRaSutErtLTsYcOg/ZLQzi2mmliiaVYI0zJOVU4jjUkKWk24QEgZxkhckSapo00ljb3scLRSwJ5jwMmJUt5QjSq23OJIysbkEldqOM7iteu21gYlVmGSRyOmARyOACOnf86ge1P2hjIMqcJtKnayfLuGcANlcrgnGSMkjg+jwfxPjuDeKch4qy5RnjMizHD4+nSqO0K8KUrV8NN6tQxNCdShOUfejGo5R1SPG4u4dwHGPDOc8LY+pOGEzjLsRgZ1Y/HRnUipUK0L+7KVCvGnWhGT5ZSgou6bPn6iuj8T6LLoupOhG62ugbm1kC4Uo5y8WRlS8DHYwVj8hjc43hRzlf7icKcS5Zxjw3kvFGT1o1suzvL6GOw8oy5nTdSNq2GqPli1XwmIjVwuIhKMZU69GpCUYyi0v8VuKOHcx4S4hzjhrNqUqOYZNjq2CrxlHlVRU5Xo4imryTo4qhKlisPNSlGdCtTnGUoyTZRRRX0B4IUUUUAFFFFABRRRQAUUUUAFFFFABRRRQAUUUUAFFFFABRRRQAUUV1Vj4O1y+8Max4xSyuB4f0aaG0mvVgdxcahcskcFla/cjll8yaD7R+9BgilEoSTaUrz8zzXLclwdTH5rjcPl+DpW9piMVUjSpxbvZXlvJpNqMU5WTdrJtd+W5XmOc4ungMqwWIx+Mq39nh8NTlVqySaTfLHaKbScm0rtK92k+TcsAAimSRjtjQdWY/yUDLOecKCQCQAdKztvJt3PO9yWdjj53YgsQc9BgBQCdoAXnBNbxs7a1t4XNtbw3Qtwk0kTXLmVs/MzC4nnWORgE80W6wQMyhlhU8mnIMBVyc8kAcEnHH6HFf5UfSH8ba3irndLJ8m58PwbkGJrfU4SlGU83zCE6lGeb13TbgqMqNqeX0FKfsqM6tWU3PEyhT/wBS/o7eClLwzymecZx7PEcWZ7h6P12ajJQynAONOvTymippSdZV0qmPrOMPaVY06UYqGHU50SrOyqCWRRyD09McDk/X09qrQ2cc0kkgABLkfKACMke3XJzzjI49M6vkOiO2Mb8dRjHIz6EgZz6DkY5wKdvKsEgX5SxbMgPqSMEAbQDwDkgg5PBNfzrTjKz0vr3Xl5n9KVKnxqNn7qUe26vb5fL9ee1DStrNIsfAHJIwADwu7gd+Mc4zkDPJ5G5siQQ2MckZ7Z4HGB0HcEgHjsQPZ2aOSJhtyH5OQOMjgHGOM5I44JPGcVxmo2KKzMqkAnGflIHUgHjdjBB5J5754rog07O1rNX+Vv0SPOUrX5tG328l2PKbnRGm3FcsQDwAecZ5+7g4zgc496tWehOQpSPHA52beh7FRu6+uMEZrs1ttpAGCRnIx2JIAxg+3OSPTFbFvZKFHmShSf4VAIPHYjqRgjn0OcVvJtJNdXv5f1b7zWM7d2nqv68/0OTtNHfeFdeO4OeWBOSMYLbuACcnoOBXf6F4ZRysksezcQMFQflO44OR69sH39rFnaxhlKKXbB3MwB79gThSSxOOR/DjgGu602KRmChOQBt4AHH8Qz8xAOM8c9MAVzVHdpvz/QiUrSVtn0+7/glnTNJW22FIV68ZALAgYz93A9wPm6c8YrrbS3ZZc4CgkHONpyTkYOOgGfx74NFvaeWFJ+Zicn27naeuO2M9cjHprwx/Mi8ktjHB6DgAHPJHXHGRXNOF03vzKzXVWs7+e2y/4d3Xf+v6a+8tiMqq45LBcAjPpnPB+v4daZPbNtQheQSSOpYAdAOoxyO+fXnNb1tZSSgfJtwAAzD8+R1I/AeozxWqmkM8yB/mRTkbflVjkYDHDZHsoXnjdisalBOKcVZ213urW3u/V7dd1uGxzOo+AW8ZaU1rEFh1GBHl02WRJFC3AjyYXYKziCcJHHLhXwdkqozImflzUNPvdKvbnTtRtZrO+tJWhubadCksUi9QQeCrAhkdSySIyyRsyMrH9MPBOkJJPBIy7trKehIwSDuKkHdt6kkgHPBHUTfHj9nX/hOtEPirwxbyDxZptoHe3gij263bZRmt5l2o5ubaJXltZYnkkbMlqLe4kkhEX9WfRg8d5cAZnDgjirEyXBmc4v8A2HGV51ZLhrNMRNRVSN5SjSyfH1ZJY+ChGGFxM45ipU4PHOv/ACp9JbwTjx1l0uNOGcNFcX5ThUsbg6MKcHxFltCN3CVoxlUzXA003gqjm5YnDReAcalRYL2P5e0Uu1ipYKdoKqWwdoZgxVSegLBWKgnJCsR0OEr/AFO/Tc/zKCiiigAooooAKKKKACiiigAooooAKKKKACiiigAop8cckrrHEjySOwVEjVndmY4VVVQWZmJAAAJJOAM1+kX7Pv8AwTT+MXxRt7LxT8Slk+EHge4UzQr4gsJn8b6vCHljDWPhGSWyutMgkeHAu/EVxpMjW89vqWnWGr2br5nzvEnFnD3COBeYcQZphsuoe8qUKk+bE4qcVd0sJhafNiMVVSabhRpz5Ivnm4wTkve4f4Yz3ijGxwGR5dXx1fR1JQioYfDwk+VVMViajjQw9O+ilVqR5pe7Dmm1F/m2AScAEk9ABk/kKUo643Iy56ZUjP0yK/qS+GX7EH7Pfw7tYYtK+Hml+Kr6Bcz6/wCPLa28S3M8gQKZV0+6gXQLOTCkrJYaRBckBBLcy+WDXvreCdAsWga00LRrdrIf6LLa6VYWzWuFVQtt5cCmEBURR5e35VAXAAFfzvmf0octo4l08p4TxePw6coqtjczpZdUlbaSo0sFmHLGXRTmp2s2rvlX7zgPo4ZhVoRlmfE2GweIklJ0cJl1THQp3teMqtXF4Lmkv7sHFvaVleX89f7PH7Cnir4p6RZ+NvH95feCvBl8RLpVlDbRf8JN4hsxkNewJdh4dF0+QkNZXd7Z3k2oIjSQ2MdlNaahP+kPi39m/wAKz/BPW/hZ4U02202NdGMWiylC0zapYn7Va3V1cEiaa5u7uNpbmVpArXFzNLtwSD9tX1j5rFAvQkeuf6/NnPOc5NYc+lupT5CO20ep4+hAGcjHPTp1/nPjvxE4l8QMVVlnGMlSy1TqfUsnwknTwOCp1FyaKKjUxFfkfv4rESqVW3JQ9nScaMP6C4H4B4d4FoUv7JwsK2YqNP63muKSqYvGThJTfNzXhQw/Oly4ehGFOMVFz9pVUqs/5WrvTdU0/UNS0zWrW4stR0m9utP1CxnRlltb21mMcsTowB42ja5XDKQVYg5qkskSyeZIpIQnC4ySMjrgemOg6Drwc/vd+0B+xf4b+M80/iXw/fxeEPHzQ7Jb82xm0jXjGm2NdWt4SksU4CrGuoWxeRIyRLb3O1WX8mfiX+yj8bvhdNIfEvgXVLrS4Wdm8ReH4ZNe0F4lJAne/wBOSb7ErKNwj1KKznVSA8KEED+acy4cxmX1JSjRnXwvM3CrSXtLQ0sqiinJOKsr2s+7vY/qnJOKMszOjGEsRToYyUYwnQqtU25vlvKi5NKcW03HlvJXso7tfPN7OrxgRKwIbPAGNp2gZwck5Gc+2R7crO5ik3smGY5HBBGMZz0x3BIwee/Art/sDCR1C42senOChPBAGD90k8AjPTisTVLMq26QZ5O0qe3Bx0GGzwQR2Ix0NeS6Sjo00+q2a23XT5239LfYrDr2Kas9PiWqs2ra21vrr56klhMs8LFgVJO0dCB0K7Tz1BBOenHQ5rOvCQ7Lt6g4ODng4AHQd8njj6V02hWttPEC2VxlFxjBxknJPQHBxnK5znpVq+0ZJCNpO0dwcNxu6cHgDGSD69OtZqCTt0X47ab+aPPr0Zxklb5Lpou3k7/N9Tz+O0Z5M7cD6YI5J68c/lg56c51U08uoYgngnJBPQkHnBGCAeOx4xmustfD8rvyh6blOG2npwMZ5GeMj8+o3DoLxpl8YUAHI5yc8YAIbgdeMntng78rata67XVvLS/Ywb91rZqy8+mxx9hb4k3Bd3B67QPcYwM4z0yATjPqO40uCV3D7QADwB1Ixg7sKPQ8AkYxnByKW00hVZcAAccAckHjA9MEH72B1GOoPouj6AswBZjGoBJwgOdoLY7ZzkAficHFc9Wmk1fT0astvl2v9z7Ea7637/d1+78DCh3demCfTIz6/wAIA68++a6/RtKlvJNxU7Rj7yknnAUgDlc8jnBJIwCOskenWqXPlIskrA42DDAseOApGByNoAB6DqRXtPgzwxdOVY6eUiYkPJKxU5CkYwG34QkEluBx1J5mNOMlzRvJdflbVWev4J/NETnGCbuvn/X6+exzcWjmOOLZC4Ycn5ThgDjdkr0GOe2W25Na9ho7zupK4BZfm68AYO5cHuMDaAcn0zXql1oMkUIfbuCgq2VCheR0zxk8kc5yDk963vCfhqW+njtbazub26lZV8i2ge4undiQEijgSSVzt3fKqMzYGOVxRGk5tRhGcpN/DBOTeqVkt3r6W3vbbF4iMI88pxpw2cpNRS9Xfy79fQPA+g7J4wV+UkE9R90HgBthByRheOgwDX2L4L8MXGs3FlpllDJdXl0VjjhjAIOSqu78OI41GTLI+xY1GSRkBt74afsxeLtYNvd61DD4V01yGL36BtXdCFH+j6bG2+FiCcNfyWrI53GOQAA/oB4K+H3hzwRp62mh2pNzIqrd6ldFZb66IC5MkoACR5XckUQSJTnjflq97AcKYnEzhVxUPquHvGXK7KtUV17qhdSgmr+9JXtsmrs+Rzni3DUKcqODmsViLtcybdGnLTXnj7tRp/Zi3ro7Hg11+x18FPEvw41b4feKfBGhXR8QXep65qes6fpljY6xaeJ9Zit0vvEOk6hFaebBq7mC3a4vZVmfUvIWPU0vLd5IG/nX/aa/YZ+Nn7OWvarJc+GtZ8ZfDqD7Read8RfDejX17oiaXG8YV/Ei2n28+Er2MzRwy22s3EcEs4lGm32pwQtdH+uyxteQTyTyT7nHU988dT+PpozwxLGykDGDnOOhB3AdexIzjIz64r+mPDnxc4k8O684YVvNsnrxhHE5PmGJrOk3TVoVsJiH7Spg8So3jKooVqdaLtXoVZQozpfzPx94ZZBx7RjPFR/szNaLnKhmuBoUVV/eNOdLFUEqcMXh21zRpylTqUpK9GtTjKrGr/BhRX9Ov7S//BLX4WfGvUtU8a/DfUofhH40vUDz6fYaTaS+BNZvYxKTdXOi2YsrnRL2/YxRX2oaVLPZ4i+2HQrjUJ7qe8/A349fsvfGn9m/W30v4neDr/T9Mkuvsuk+MdPil1HwXrzubtrddL8RQR/Yvtlxb2VxeDRb9rHxBbWarPf6TZhgK/uLgTxd4P49p0aGBxscvzqdOMquR5hONLGKfKnOOEqPlo5hCLv72GlKqoJTrUKPMkfx3xl4X8U8Fyq1sZhHjspjOSp5vgYyq4XkvaDxUFergZyVvdxCVNyfLSrVbcz+fKKKK/UT85CiiigAooooAKKKKACvoT4H/ss/HP8AaHupI/hf4F1DVtKtZWh1HxTfvBovhPTpIzD50Vxr+qSW1hPewRzxzvpOnSX2svAfOh06VATX6Mfs/wD/AASg8S3VzpviX9oXV7TSNOjliuD8OvDF+moardmOVw1h4i8TWUn9madFIUjMkPhi71ia7sp5PK1zRb2OMn98Ph34J0LwN4T0fwn4d0mw0PRdIs1tbDS9LtYbSws4QGYxW9tAkcSAyO7yOAXmmeWaV5JZHc/zF4j/AEi8qySMsu4H+qZ7mV5Qr5nWVWWU4Povq6i6U8yqtu6nSqRwcfdaq4i8oR/ojgPwHzLN3HHcYPE5NgLRnRy6lKlHM8Vqm/buUascBTtpyVKcsVJ8ylTw9o1JfzcP/wAEkP2nUjjca98InZyA0S+KvEIeHJAJlZ/ByRsFBLH7O87EA7VLYWvqj4Sf8EgPDGnRWmo/Gr4ian4l1ECGWfwv8PbcaTocU8Vwzva3PiXWrS41bWNPvLcRxymz0TwrfW7vKIbokRzj9p9Z064iZ5Id2M7hjoOPXpkYJAJ46DocULRp9PtJr+8kO18rbwttzlesnIyCx4XPHAJGTg/geaePXibmuE+qvO6OXxqP95UyvA4bB4qSsnyLFJVK1FJpPmw86NXo6ji3F/tmX+Cvh7lmKWJWUVMdKCXJSzLGYjFYeMtLylh3KFGq2rpxrwq01e8YKSTXh3wv/Z2+BvwAhmvvh58NvDnhO/aCeAassd1q/iqeC6+ztPZSeJ9fu9V8RDTppLaCV9MGpJYLJGsgtEfmvX7LTLzWiL+/HlWxP+jwjgCPGRkZPOODjqB0X7oq6VZ3finU/tlwrDSbN885xdzKQFgQHI8qPBeRsYY7UzzXpciiNBGgHAChVGAOMYx2HcZ9vrX5Pj8yxuNxNTF5hjMVj8ZVt7XF4zEVcViamqd6letOdWo+rc5t6/I/TcHgcLgqEMNgcLhsHhaelPD4ShRw1CmtPgo0Y06cVa2kYpHI3VvFbwmGJFVQBwo4PBB9SQfc81yl/ZuYyQuFIOF6HHvnrnnHPP4V6S9lGB5kw3HsDjAyBxgdc8kfjwe+XdWqyBmZSMDAA9BnHfPQ1zwq6Jd9bu+rdvzOlwaXf0/rvp93c8bbSysoO04JOTjsO55x+A56fjLPo4lYsEByAGAB5/Iggd/rXo76XkM5QKMYH1A68k9Oo5/+vXg05gfuggccgY788kjnv78H0OynF9bfj0Xb+uorNW0fldf1c8zfRJFO9VwQeFGc475OOgA7/jgch8ds8Tp1B4AA987j1PUcE9SOvOK9XjsoySXUA9OM9j0P+eccYpJdGgkxlFIyfYrkHkdsjpwf5AhupG1rXS1vb/N/mgV00/TdLpZrfbo7qz8z5T8bfs9fBT4hzzz+Mvhf4T1W9uQGm1aLTV0jWZmzuDT61oj6bqspBz/rbxx1yCCRXyT46/4JofAzxI883h7WfHHgmaQgww2eoWOuaRbbmLMVs9VsDqkoycbZNdHy7cMAPm/ViXw9Gexx26Z6+498ZA4647Vmz+HW2kBx/s7hgfnnt6cfyxzVsJgMTb2uFozlazcqcb66fEle766nqYTPM4wKSweZYzDpfZhXm6fezpzcqf8A5Jr1ufiNqP8AwTJ1XRF2+GvijoeuncWUeJPDWoeHMKdoRBNpeo+JQx+TktApLFmJHCjhL3/gn38ZI3YW9n4W1WJSds2l+KrOEMe25NaXSXAIJAxGygnDMhxX7nX/AIeuyjKI0Yg8EE9vbAx37HoefXm20q9gJV4GHOQR2B4O4g4/DA9TzXmz4Wyat7yo1KUm7t0q04pekW5RSdr6L8ND3Icd8R2UauKo11FJL2uGpLa2v7qNO7tvfR7tNn4fJ+w58eLAMy+CY7jH8MPirwdOcHPKqniAgnI6bVYHA29hRm/Y++PeSrfDTWJSwH+outEuIx777fVJEJAIIIzk8LnFfuV/ZtzuyjOmQRglsEHP3gGXPod2evuauR6ddjkknGCWDHPTIOCenfk/TJxUPhLLWrKriVrvzU5O1lprTX3p79HuaR46za/vUcG7d4VNdn9mor63Vrxuuq6/hVpv7F/7Q11cRh/hnqtvG38U2oaFbKD1yWudTiXByeD83XjoK960L9iL42fZEjn8H2UM7AAmXxP4YXYuOMtFrJJPz8BUkPJ9xX6520N8CoIlUZAyMHIwAOhJBOe4PU54rq7SC5AXeGHA6k5HXPGRgc/jk+vPNPg7Kb+/Vxbd739rCN/h6RirdevnbUJce5y9I0cHFNLajJpWt0nWk+ju797aWS/Kfw3+wR8T2uftGoy+CtLXPzrd6tPd3Cg54UafpN9C3XkrcFhgjoQD9C+E/wBjFbMkeJvFttEsEiiK28P2Ut0ZU2/Puu9RFmttycbVsrgtjfuXGxvve3tJ2XODknIz3+nQ9e/OePatKLSWcnK9SMj649T68+/qeo0pcPZPQ0+r+00aaq1Kk1JafFFSUWla6Vkt9GedX4rzzEX/ANpjSUraUKFKnbbWL5W03pre66NXPmXQ/wBmb4R6Oq/bNI1HxJMrbg+ualL5QIbIC2ulDTbdlHB2TRzbiPmZhnPtOh+F9A8OWgsvDWgaToNrgBodJ020sEfndulFvEhlbjJaUuxOSzcmvRYNCC4Ypnnt2/HPYeme9aY0pAhyB0+hx+ePXuOOMDpXpUaeEw2mHo0qWy/dUoQvtrzRim35t9Wr2PJrYrF4nXEYmtWk3r7WrOas3qknJpJ2V0kk+uruczYWTEcg8nHXp3OODkEgemCO2Tjr7XT1jUfLk4Gc4yOO/wCJx1H04wFs7WOMjJ6Mcjtn35GSP5Z5rVaTPC8ADt9Me35/5M1ZycmrLW138l3ev/AMErJLsrEYVIVIAGcZ445/pz0x+nFU5SWGDkhsg/j/AJ+pxUzk7v8APPXn9TTKcFpra7TTS7adNxhFGFAA6LzjHHOf8/j6Vh69oWj+ItL1PQ9f0nTdc0TWbO507VtF1extdT0rVNOu0MV1Yahp97HNaXtncRM0dxbXMUkMyMUdGUkHok+6Px/nUU6FF3AYxz7f19uM/lUxlKEozhJxnCSlGUW4yjKLTjKLVmpJ2aa1TV1sKUYzjKEkpRmnGUWk4yi9JRkndSjJXUk0002mfhv+1v8A8El9O146n8QP2W/suiatLPdX+r/CTWL8Wvh+7BszKV8Aatco39h3s+oQts8O6/d/8I8x1N/7O1rwvpulWmjXX4I+I/DXiPwfrV94b8W6BrXhfxDpciRaloPiLS77RdZ0+WWGO4ijvdM1KC2vbV5LeaKeNZ4Iy8Mscqgo6sf7sreRWyVPyk/OvGFbnA/HJ7D39T438af2efg98fNGj0T4r+AdD8X29ssg02/uo5rLxDovnXFpdXH9heJ9LmsvEGipdz2No2oQabqVtb6pHbx2uqQ3lpvt2/pLw8+kZnfDdKhlXFuHxHEmU0lClRx1OtFZ5gqMb3TqYhqnmyS92nTxdfDV1vLHyhGNJfgXHXgPk+f1K2ZcM1aHD+Z1HKdTBypSeTYuo1GzVOinUyxt3lOeFo4ii7NRwSlJ1H/EtRX76fEb/gi7olwL27+EPxq1TTWh08/YPD/xL0C21ZbzVVMxH2vxf4WOjvpunyjyIiIfAmq3NuVlnBulkSCP5jvv+CQn7RenB/tfj/4HxsCBGy+IPHzQMCWBLzH4bKYjgDaPLfJbBK8Fv6by7xx8L8yoqrDinD4Sd4xnh8wwmPwdenKVrRcauGVOpum54epWpRvZzTTS/nrHeDviLgKzpS4cr4qNm418DicHiqM4rdp08Rz03ulCtTpVHa6g003+U9FfU/x2/Yz+P/7PVu+s+N/CB1LwWGVU+IXg6eTxF4NBeTT7dP7Rvore31Hw2Zr/AFK302xXxZpegvq18JY9HXUI4zKfliv0fKc4yrPcFTzHJsxweaYGq3GGKwOIp4ilzxSc6U5U5S9nWp8yVWhUUK1KT5akISuj4LM8qzPJcZUwGbYDFZdjKWs8PjKNShV5W2o1IqaXtKU+VunWpuVKpFc1Oco2YUUUV6R55/dBbWvmyCZ8hV/1aHop/vHJyWOPoPqOOjtwQVxnge/AJ9/b/wCt0FVkjAGMbQOgH49u35f0rQhUKpboTx+Hpj39MV/j1dykr62t934n+p0Y2vfV9/u/UbcIjxlXxjgnPQAdTg8f49K4C8tn8QailohZbK3IEhXIXAG3A4AVmxtyB93PQnNdhqUr7fIjyZZcDA7Dg4B57denU9M1c03T0soMsAJMkueuWPbk9B0HHQDHHFaOXKrrd6L/AD/ruS1zSstLde+34q5HHbW+m2kVvBGsccaKqInH5juc4znOe5qKGFpGLv1xgZ6Y68DOAP5/jzK5NxKTnMYztHbtz1GTj2/H0uINqM54CqT+Cj1J75/zmsW3LVmlktlYxpl824Ef8CDLHsxzwCPpwRn69M1Quxh8D2/Hk49+wrYtkL+ZKwyXdj+Gc59Menrz7VQuUBk5X2HbnJwO2Pb8xVwb27ap39NAKu0bOR2J/wAOnbGOOn61DEitIRgdT/XJ7dMcVfMYUHg9DjPHT06VWgUeeR79vocn+ZP51sn7sl6P8V/wAsuwyW2CgkLjn057nuePy49e9RLEzDPTnHb+pFbEgBH6H3//AFYqBYRg5GR154H+R7dh6mkpPltsnZq2+21/W4mk1ZlIZGMjnvn9fb8vwpJPLYDcv0wcHPtjjv3/ACq04B4xjGevPbAPXtzj8PwzpAwbAIwTycjjkf5HrTV5Pf0v+n5/IiaVtEt+i9SlcRREMOAPU8njHHHQ4I5wBnOPSsx7NDnDR5Odo3HP6rgcdTn+lbMkG4fNgjgg5wfXPUenr/Oq3kbiAQcL3Un8f/1//Wz0RnGN03b5+nT8f6Rn+BkjSlfJKxHI7vHx69WBOc56ZHsSc3INECkEBCAcbVkj6YPH+s759M/gTWp9iVlyAwJHYnI9+cj/AOsfylitmRsguQRjHGN3HPc54wMngHrxRKsumttk36bdvx/ALDoNJAHMKY5I+aLkDHq4yMdMZ/DgVsw6dFwCEXocYJGAM44OB+Hr1NFtbOwJw4OMc9h6ZwTxjg8c5x2rSityAC/XIIOeRgH0I/Hp/Oudyk3dt39X9xooaJ9dG7/l/X/DNjs41PUdMgAdcDPc8HPr179M1eTyYwBjPPI69PboMfn361EUIGQee3H/ANemeUQCSSWJ7dQPbk/TFY8je8r/ANL18/w+WhaNyq7VVRk9ewwfXqcDnpg8nHPAQszKeMcds8Htz0qmEIYHOeT16/8A1z69KsrnBznr3/CqUEnff1t/kAsCNjc3HPTp07frzn9etWaiVgBg/pTw4NZz+J/L8kCV2l3dh3Wm7V9OnHenuQuPoAfrznNRFzk4x3APX/61JJvYCQADgVLgSqUbjIx65z39vTI6cVXVs8Hqehp/SokrrTdaoDnpZH07UEikOIbglVJHy7iOOpAznp1z+tdBH84wT0HfnI7e3+c1m69bm509pMfvbYiaIgDcpTOeTycgkfiOeOW6Veie3jkJO5VCyA+3BPB56H39eea0XvU4yVrq6kl5Wt997gXZLdXO4cE9cf05xWXqWj2uo20ltcoGEiMobALIT0ZSc4ZTyDz24zXQFM/dPHv/AJNNdB+B/T8f8/jUwkrpp2aae23y6ro0NLd3Wmvr/X52Pnbw7q13ofi3UfAeuxxSrLateafOV3W9/ZyERyKyy/KHEZCzxbWUssiEshJPwn+01/wSx+E/xVt7rxJ8FLbSvhH46ZpLiTTLOG4h+H2vN9nWKG1k0Wz82LwjIZIodt94a05rFUN01z4dvr27+32/3T8ZrdtK1Twp4thUg6fqBsrtlBGbafGdzZHBww5IGMHg17XbAXWnWlzEflkgjYbehyFIYcnOeT1+U9/T6fIOKc/4SxtLN+HM1xWWYqfKqyoVH9XxUINtUcZhZc2HxdFNtqliKdWMZ/vIclSMZrws/wCG8j4nwTy/Pctw2YYf3nT9tBe2w05JJ1cJiI2r4Wq1FJ1KFSnKUU6c3KnKUH/Er8Wvg18Sfgd4vu/A3xO8Lah4Y8QWyC4ihuljmtNSsJJJI4NT0jUbWSfT9V024aGVI73T7m4g82Ka3d1ubeeKMr+xz4n/AAd+Gfxv8NHwb8V/B2l+MtBivIdRtba/+12t3p99A6Mt5pOsabc2OsaRcyKptrqbS9Qs5LyxluNPu2msLq5tpSv6xyH6U2TPLaC4l4fzaGbQ9zETySOCr4Cvyqmvb0ljswwmIw8qknPmw0liI0kotYmpzOMP5lzn6N+a/X60uH89yx5XN81CGbyxdHHUbyd6NR4PA4mhXUI2tiIui6l5Xw9Pl9/1dBk+w9easAkAtjIXkemeP8+341CPlXPGT09fT9PSrkURYCM8k9T16+vP6Z46dq/ilPlbb0066dj+tivZ2hkkNzIMnORkdB1/D9OPrU95KM+Sh4xlyM4O7tx6c59jjFXLmVbaPy1I3kAKAecEdfTgAevuPXlp7rc2xSck8kc5IP8AP1Hr7CojzTkmk7R2/wCD+O3y6iSUdF11/L/gF0SKpCqOMgE98E/T+Xp1NWLxylrgHBkwBzzg4z+nX0+uKgtLYsFdgcEZBPfn3/PHOeO2KS8PmXMUWPljwcDPHOP5Y+gqla+rsv68mMtQIViAPBKj+XX6c8ewqhKg3kkZ56+4/wA/ritRfuqOeBj8v5c1UnXGcdPp3z1/Ikfn71pJNKL6ppfN2X52QFCX7pP1/UH/AArPtcmcnPOSfr97P6GtJxlWH+RVG2AWV8en4/xA/n7e9X38/wDNP9BX1S7p/hb/ADNIoe4z+XP4f/WpVTggjGenH1/L39anUA98env+vamkgdSB9awu1bV+X3/5oZmyxsreufb2H+f/ANdQvb5XIH1x/T/ED8DmtJ+WOfb+QpAp7Dj6cf4VtzJJO+nR6/10E1dW7mUlucANnsTkd/b9eP19R7cAZH9B6D6D9a1fKzwRj3GM/p/+qkaEdhnjpnrx34P6ZP1oUlJvd+f9ahZdl9yKcUQ2gAZI554/+sf8KvRRrk4UfyP58eh/OnRw5GT8vHpn9Tj/ACO1WRARhlJHtn2/P9T1pjslsrEyEDAA/wAj9en45qWoYwQQD1AJOf8A6/1qwuCfmJzxj3pSfKr2vrYBtMJwwOCcZGBz1HBP16Yz6Ed6lbIJzwB0z0x+PGP0qJSSWOOwJ9scCmndJ91cBVHQkAH6c8+vv606g/4fy/rTlGeCcDr9T0/rSbsrgMPb9fpg/wBcU4Z6jtz+tDDBI/zj8KQccD6UaSXr96Amblf1H+fpUNSpyjAn6D0zwePfP6HnrUY6gHrnp364qIvlUk91r/VvkBKowOepp69R9R/OhRkgf56Uo4fp36fXp/iKzAkuYxJbOCAQy88deMEEDHqfauCsJ/7Pv5LZzsjkf5Qfu9cDjn1Hb+Zr0RQGTaenIP48/wCFeb+JraS2m+0x5GG6+4wQSe2T3/XkGnh2nzwau3ttvo+u62/rcfl5fnr+B30bZA5yCMqfbqPfpj/9dSEZBHt+vasHRb1L2yikDZbGG5HDAAEe2MfgK3lOQD14/wA/5FZuPJK/naV+mq2WjA8n+L+l/wBp+CdUVV3PbIl0mB8waFwSRjn7pPTnGelanw3vjf8Ag/SZZOWW0ijkLYySiBWJ+hBGa6/U7NL+wu7OVS0dzbzQsMZ4kQrn2wcfjxxmuJ8A2Euk6LNp0gI+zSTogPHyBn2Nx/eC579ep5z0pqVCyafLPT0b3u7dfzD/AIP4W/zOpKgSsQMZz+Wf8f8AOKKWMgxB2Oc8ZBz+PGf8n8aKx2AtIu+RVAGF5PHr7frWqGWCNpGwDj5V4BP9ef8A63XFUoQAzH6j34I70twxYEn+EZH484+nNVNc0lHZXSfmt7eQGDq168e4bh50pxg4LKD0GM9xnscnpjnK6ZpxKiWYZOc4I+7+vfr9SQffItP9P1eQzZ2xYKrnI44GeOcbc89c+1dx/q1wvA6f59a0n+7UYx0tq3pvpp6fn2sTF82vyt9z+8X5UXAwAo4HA4H+P0rHj+eeSQ9zhcj0z09PXqfwq5cOUidh1xjP14z9aqwgAL1+6G69yB/jWdnFq/f/ACKLyfdH4/zNI67h0yRTxgdvX9f85orb+vu2Ay512Zz6H/PH5fhWdbgbyR3znPtnHYHvz2zWjeE7CepPGT1GSTn8+fes22OWx6D/AD/n/ClZpSklonfSy6IDXX5QMgkDIH5Y9PamOMjI7dB/n2qfHyY9s/1qLPIH1Pvxj/Gs5LSHfltf5L/MCMJnkk5/z9e35UqZxj0zx368Z/X0p/p7kD8yB/WoQSGxnvg+/P8AOkvhl5Wt5a9AHruLnr6Adu39Of1q6AoUggdMDnn8s/0+veqwyMH3P6Y/nmplJIB9R0989f8A61aRVr907X+SYDguOoOACfTp/wDX649aeh6j8qeOQpPXH88dajPyuMfxHH55/wAP84qgHf8ALQ+6j8+4/IA0/pTOjj3H+P8Ahj6cdqfnnHsD+ef8KLJ7q4AfmzknmjAHQYpQcHOM+1JQAU5SAckfT8x0/X+VNopSV4v0v92oExQMQc49f89v88VC/wAucc4/ye/apxyB7j+dQOMbhnt/9f8A+tUQbvbpZ/mgFibPXGTwfb0/P/PelxiQn3Ax7bs/4VBCfnI7ZU+3bt+f5mrD/eH0/qaV03J9OX/JfmBZQcE+/wCX/wCvP6UjD5we2Qc/TGaeg+X6nP8AT+lI/T8ahJ333tZdgSb+SbfyLEZBBwc8/wCFYmtWiXlrIpHJUgHHIyMA8ck557+2O+sh2gY9M8+9MkAKNkZGKyg3Caa3Uv1sB5T4VvJLK+n0yY4KysyBj6kZwMjgqynGT1P9049XgIJOecjIB/n+VeL+JP8AiXa9BcW+Q7qN3YExybATjrkMQfbA6CvWdOlaSC3kPBaJWIz/AHlyR+HP4GuzEx5oxqLTnim9t1bXT+vxtEHdO+6/X+v66aN2u2Bm4Hy9uvb0x/n8jy2lqBJMNuBJuz0AJPfGPc5+px0rrL0BoMHvj8MkfyrldPOLh17ZYD22sR+uO2P0rnou9OTXVr81/kVbW/k199v8iW3XMOOuHYc9MrgHr+n6cUU62+USqDx58xA7D5hxj6nP1orTkb1vvr99v+D/AE9Gf//Z\" /></strong></em></span></p>','2021-11-07 13:53:27','2021-11-07 13:53:27'),
('1192252213659774977','<p><strong><span style=\"color: #ff9900;\">你爱我，我爱你</span></strong></p>','2021-11-07 14:09:09','2021-11-07 14:09:09'),
('1456907022398115842','string435345','2021-11-06 16:51:17','2021-11-06 16:51:17'),
('1457183355560759298','fasdfasfda','2021-11-07 11:09:20','2021-11-07 11:09:20'),
('1457184695242428418','fasdfsad','2021-11-07 11:14:39','2021-11-07 11:14:39'),
('1457203454527090689','sdagdfagfdagdfasgdfag','2021-11-07 12:29:12','2021-11-07 12:29:12'),
('1457217756599050241','测试题','2021-11-07 13:26:02','2021-11-07 13:26:02'),
('1457266095407398914','<p>fdszf</p>','2021-11-07 16:38:07','2021-11-07 16:38:07'),
('1457281682275749889','<p>奥德赛法啊发送的法算法书</p>','2021-11-07 17:40:03','2021-11-07 17:40:33'),
('1457284917560528898','<p>沙发大</p>','2021-11-07 17:52:54','2021-11-07 21:10:58'),
('1457343229514993665','<p>暗室逢灯的挂号费</p>','2021-11-07 21:44:37','2021-11-07 22:22:22'),
('1457358761614110721','<p>阿尔它的语法句号了空集合该发的</p>','2021-11-07 22:46:20','2021-11-07 22:46:20'),
('1457511829919965186','<p>343333333333333333</p>','2021-11-08 08:54:34','2021-11-08 08:54:34'),
('1457585467981504514','<p>adybs苏泊尔投入到明天放个烟花</p>','2021-11-08 13:47:11','2021-11-08 14:25:56'),
('1457673806101311490','<p>而是VB投入大鲶鱼</p>','2021-11-08 19:38:12','2021-11-08 19:38:12');

/*Table structure for table `edu_subject` */

DROP TABLE IF EXISTS `edu_subject`;

CREATE TABLE `edu_subject` (
  `id` char(19) NOT NULL COMMENT '课程类别ID',
  `title` varchar(10) NOT NULL COMMENT '类别名称',
  `parent_id` char(19) NOT NULL DEFAULT '0' COMMENT '父ID',
  `sort` int(10) unsigned NOT NULL DEFAULT '0' COMMENT '排序字段',
  `gmt_create` datetime NOT NULL COMMENT '创建时间',
  `gmt_modified` datetime NOT NULL COMMENT '更新时间',
  PRIMARY KEY (`id`),
  KEY `idx_parent_id` (`parent_id`)
) ENGINE=InnoDB DEFAULT CHARSET=utf8mb4 ROW_FORMAT=COMPACT COMMENT='课程科目';

/*Data for the table `edu_subject` */

insert  into `edu_subject`(`id`,`title`,`parent_id`,`sort`,`gmt_create`,`gmt_modified`) values 
('1456868487246876674','前端开发','0',0,'2021-11-06 14:18:09','2021-11-06 14:18:09'),
('1456868488157040641','vue','1456868487246876674',0,'2021-11-06 14:18:10','2021-11-06 14:18:10'),
('1456868490270969858','JavaScript','1456868487246876674',0,'2021-11-06 14:18:10','2021-11-06 14:18:10'),
('1456868491638312962','jquery','1456868487246876674',0,'2021-11-06 14:18:10','2021-11-06 14:18:10'),
('1456868493546721281','后端开发','0',0,'2021-11-06 14:18:11','2021-11-06 14:18:11'),
('1456868494263947265','Java','1456868493546721281',0,'2021-11-06 14:18:11','2021-11-06 14:18:11'),
('1456868495044087809','c++','1456868493546721281',0,'2021-11-06 14:18:11','2021-11-06 14:18:11'),
('1456868496746975233','数据库开发','0',0,'2021-11-06 14:18:12','2021-11-06 14:18:12'),
('1456868497724248066','mysql','1456868496746975233',0,'2021-11-06 14:18:12','2021-11-06 14:18:12');

/*Table structure for table `edu_teacher` */

DROP TABLE IF EXISTS `edu_teacher`;

CREATE TABLE `edu_teacher` (
  `id` char(19) NOT NULL COMMENT '讲师ID',
  `name` varchar(20) NOT NULL COMMENT '讲师姓名',
  `intro` varchar(500) NOT NULL DEFAULT '' COMMENT '讲师简介',
  `career` varchar(500) DEFAULT NULL COMMENT '讲师资历,一句话说明讲师',
  `level` int(10) unsigned NOT NULL COMMENT '头衔 1高级讲师 2首席讲师',
  `avatar` varchar(255) DEFAULT NULL COMMENT '讲师头像',
  `sort` int(10) unsigned NOT NULL DEFAULT '0' COMMENT '排序',
  `is_deleted` tinyint(1) unsigned NOT NULL DEFAULT '0' COMMENT '逻辑删除 1（true）已删除， 0（false）未删除',
  `gmt_create` datetime NOT NULL COMMENT '创建时间',
  `gmt_modified` datetime NOT NULL COMMENT '更新时间',
  PRIMARY KEY (`id`),
  UNIQUE KEY `uk_name` (`name`)
) ENGINE=InnoDB DEFAULT CHARSET=utf8mb4 COMMENT='讲师';

/*Data for the table `edu_teacher` */

insert  into `edu_teacher`(`id`,`name`,`intro`,`career`,`level`,`avatar`,`sort`,`is_deleted`,`gmt_create`,`gmt_modified`) values 
('1','张三','近年主持国家自然科学基金（6项）、江苏省重大科技成果转化项目（5项）、江苏省产学研前瞻性联合研究项目（3项）、省工业科技支撑、省高技术、省自然科学基金等省部级及其企业的主要科研项目40多个，多个项目在企业成功转化，产生了较好的经济、社会和环境效益。积极开展产学研科技合作，并与省内16家企业建立了江苏省研究生工作站，其中6家为江苏省优秀研究生工作站','高级',1,'https://nxd.oss-cn-beijing.aliyuncs.com/2021/11/05/c3d6f76e3b0b4338b482b593a04f0b4cfile.png',0,0,'2019-10-30 14:18:46','2019-11-12 13:36:36'),
('1189389726308478977','晴天','高级讲师简介','高级讲师资历',2,'https://nxd.oss-cn-beijing.aliyuncs.com/2021/11/05/c3d6f76e3b0b4338b482b593a04f0b4cfile.png',1,0,'2019-10-30 11:53:03','2019-10-30 11:53:03'),
('1189390295668469762','李刚3443','高级讲师简介434','高级讲师',2,'https://online-teach-file.oss-cn-beijing.aliyuncs.com/teacher/2019/10/30/b8aa36a2-db50-4eca-a6e3-cc6e608355e0.png',2,0,'2019-10-30 11:55:19','2021-11-05 13:43:56'),
('1189426437876985857','王二','高级讲师简介','高级讲师',1,'https://online-teach-file.oss-cn-beijing.aliyuncs.com/teacher/2019/11/08/e44a2e92-2421-4ea3-bb49-46f2ec96ef88.png',0,0,'2019-10-30 14:18:56','2019-11-12 13:37:35'),
('1189426464967995393','王五','高级讲师简介','高级讲师',1,'https://online-teach-file.oss-cn-beijing.aliyuncs.com/teacher/2019/10/30/65423f14-49a9-4092-baf5-6d0ef9686a85.png',0,0,'2019-10-30 14:19:02','2019-11-12 13:37:18'),
('1192249914833055746','李四','高级讲师简介','高级讲师',1,'https://online-teach-file.oss-cn-beijing.aliyuncs.com/teacher/2019/11/07/91871e25-fd83-4af6-845f-ea8d471d825d.png',0,0,'2019-11-07 09:18:25','2019-11-12 13:37:01'),
('1192327476087115778','1222-12-12','1111','11',1,'https://online-teach-file.oss-cn-beijing.aliyuncs.com/teacher/2019/11/07/91871e25-fd83-4af6-845f-ea8d471d825d.png',0,0,'2019-11-07 14:26:37','2019-11-11 16:26:26'),
('1195337453429129218','test','sdfsdf','sdfdf',1,'https://guli-file-190513.oss-cn-beijing.aliyuncs.com/avatar/default.jpg',0,0,'2019-11-15 21:47:12','2019-11-15 21:47:27'),
('1455718585923059713','string','string','string',2,'https://nxd.oss-cn-beijing.aliyuncs.com/2021/11/05/c3d6f76e3b0b4338b482b593a04f0b4cfile.png',0,0,'2021-11-03 10:08:51','2021-11-03 10:08:51'),
('1456483098150588417','testtests','tstweat','twertewt',2,'https://nxd.oss-cn-beijing.aliyuncs.com/2021/11/05/c3d6f76e3b0b4338b482b593a04f0b4cfile.png',1,0,'2021-11-05 12:46:45','2021-11-05 12:46:45'),
('1456497946410422274','test添加','反反复复','反反复复',2,'https://nxd.oss-cn-beijing.aliyuncs.com/2021/11/05/c3d6f76e3b0b4338b482b593a04f0b4cfile.png',2,0,'2021-11-05 13:45:46','2021-11-05 13:45:46'),
('1456499017769881602','解决解决军','fdsg','gdfsg',1,'https://nxd.oss-cn-beijing.aliyuncs.com/2021/11/05/c3d6f76e3b0b4338b482b593a04f0b4cfile.png',0,0,'2021-11-05 13:50:01','2021-11-05 13:50:52'),
('1456563085720363009','dfsfasdf','sdfa','sdafds',1,'https://nxd.oss-cn-beijing.aliyuncs.com/2021/11/05/c3d6f76e3b0b4338b482b593a04f0b4cfile.png',1,1,'2021-11-05 18:04:36','2021-11-05 18:04:36'),
('1456636283359027201','23432','fasdfadsfvd','sdafsad',2,'https://nxd.oss-cn-beijing.aliyuncs.com/2021/11/05/c3d6f76e3b0b4338b482b593a04f0b4cfile.png',3,0,'2021-11-05 22:55:28','2021-11-05 22:55:28'),
('1456638565786017794','牛逼','分阿斯顿发人上人','额是否二三等风格让',1,'https://nxd.oss-cn-beijing.aliyuncs.com/2021/11/05/303da48be8ef44678224ef91b7666909file.png',1,0,'2021-11-05 23:04:32','2021-11-05 23:04:32'),
('1457216370679373825','给对方施工队','范文芳WA','AFEWSF ',1,'https://nxd.oss-cn-beijing.aliyuncs.com/2021/11/07/7128ee0d87234de89f99bc3ca3b32278file.png',3,0,'2021-11-07 13:20:31','2021-11-07 13:20:31'),
('2','string123','string','string',1,'https://nxd.oss-cn-beijing.aliyuncs.com/2021/11/05/c3d6f76e3b0b4338b482b593a04f0b4cfile.png',0,0,'2019-11-15 21:47:12','2021-11-03 10:42:12'),
('3','gfdsg','ddd','ddd',2,'https://nxd.oss-cn-beijing.aliyuncs.com/2021/11/05/c3d6f76e3b0b4338b482b593a04f0b4cfile.png',0,0,'2021-11-04 23:13:32','2021-11-04 23:13:36'),
('333','sdfaf','rr','rr',1,'https://nxd.oss-cn-beijing.aliyuncs.com/2021/11/05/c3d6f76e3b0b4338b482b593a04f0b4cfile.png',0,0,'2021-11-04 23:13:32','2021-11-04 23:13:32'),
('4','ddd','ddd','ddd',2,'https://nxd.oss-cn-beijing.aliyuncs.com/2021/11/05/c3d6f76e3b0b4338b482b593a04f0b4cfile.png',0,0,'2021-11-04 23:13:32','2021-11-04 23:13:32'),
('5','fff','fff','fff',2,'https://nxd.oss-cn-beijing.aliyuncs.com/2021/11/05/c3d6f76e3b0b4338b482b593a04f0b4cfile.png',0,0,'2021-11-04 23:13:32','2021-11-04 23:13:32'),
('6','sfdasd','fff','fff',1,'https://nxd.oss-cn-beijing.aliyuncs.com/2021/11/05/c3d6f76e3b0b4338b482b593a04f0b4cfile.png',0,0,'2021-11-04 23:13:32','2021-11-04 23:13:32');

/*Table structure for table `edu_video` */

DROP TABLE IF EXISTS `edu_video`;

CREATE TABLE `edu_video` (
  `id` char(19) NOT NULL COMMENT '视频ID',
  `course_id` char(19) NOT NULL COMMENT '课程ID',
  `chapter_id` char(19) NOT NULL COMMENT '章节ID',
  `title` varchar(50) NOT NULL COMMENT '节点名称',
  `video_source_id` varchar(100) DEFAULT NULL COMMENT '云端视频资源',
  `video_original_name` varchar(100) DEFAULT NULL COMMENT '原始文件名称',
  `sort` int(10) unsigned NOT NULL DEFAULT '0' COMMENT '排序字段',
  `play_count` bigint(20) unsigned NOT NULL DEFAULT '0' COMMENT '播放次数',
  `is_free` tinyint(1) unsigned NOT NULL DEFAULT '0' COMMENT '是否可以试听：0收费 1免费',
  `duration` float NOT NULL DEFAULT '0' COMMENT '视频时长（秒）',
  `status` varchar(20) NOT NULL DEFAULT 'Empty' COMMENT 'Empty未上传 Transcoding转码中  Normal正常',
  `size` bigint(20) unsigned NOT NULL DEFAULT '0' COMMENT '视频源文件大小（字节）',
  `version` bigint(20) unsigned NOT NULL DEFAULT '1' COMMENT '乐观锁',
  `gmt_create` datetime NOT NULL COMMENT '创建时间',
  `gmt_modified` datetime NOT NULL COMMENT '更新时间',
  PRIMARY KEY (`id`),
  KEY `idx_course_id` (`course_id`),
  KEY `idx_chapter_id` (`chapter_id`)
) ENGINE=InnoDB DEFAULT CHARSET=utf8mb4 ROW_FORMAT=COMPACT COMMENT='课程视频';

/*Data for the table `edu_video` */

insert  into `edu_video`(`id`,`course_id`,`chapter_id`,`title`,`video_source_id`,`video_original_name`,`sort`,`play_count`,`is_free`,`duration`,`status`,`size`,`version`,`gmt_create`,`gmt_modified`) values 
('1182499307429339137','18','32','第一节','','',0,0,0,0,'',0,1,'2019-10-11 11:32:59','2019-10-11 11:57:38'),
('1185312444399071234','14','1','12','','',0,0,0,0,'Empty',0,1,'2019-10-19 05:51:23','2019-10-19 05:51:33'),
('1189434737808990210','18','44','测试','','',1,0,0,0,'Empty',0,1,'2019-10-30 14:51:55','2019-10-30 14:51:55'),
('1189471423678939138','18','1181729226915577857','test','20643f7595eb49fab56e882677ccf970','视频',1,0,0,0,'Empty',0,1,'2019-10-30 17:17:41','2019-10-30 17:17:41'),
('1189476403626409986','18','1181729226915577857','22','20643f7595eb49fab56e882677ccf970','视频.mp4',0,0,0,0,'Empty',0,1,'2019-10-30 17:37:29','2019-10-30 17:37:29'),
('1192252824606289921','1192252213659774977','1192252428399751169','第一课时','20643f7595eb49fab56e882677ccf970','eae2b847ef8503b81f5d5593d769dde2.mp4',0,0,0,0,'Empty',0,1,'2019-11-07 09:29:59','2019-11-07 09:29:59'),
('1192628092797730818','1192252213659774977','1192252428399751169','第二课时','20643f7595eb49fab56e882677ccf970','eae2b847ef8503b81f5d5593d769dde2.mp4',0,0,1,0,'Empty',0,1,'2019-11-08 10:21:10','2019-11-08 10:21:22'),
('1192632495013380097','1192252213659774977','1192252428399751169','第三课时','20643f7595eb49fab56e882677ccf970','eae2b847ef8503b81f5d5593d769dde2.mp4',0,0,1,0,'Empty',0,1,'2019-11-08 10:38:40','2019-11-08 10:38:40'),
('1194117638832111617','1192252213659774977','1192252428399751169','第四课时','20643f7595eb49fab56e882677ccf970','eae2b847ef8503b81f5d5593d769dde2.mp4',0,0,0,0,'Empty',0,1,'2019-11-12 13:00:05','2019-11-12 13:00:05'),
('1196263770832023554','1192252213659774977','1192252428399751169','第五课时','20643f7595eb49fab56e882677ccf970','eae2b847ef8503b81f5d5593d769dde2.mp4',5,0,0,0,'Empty',0,1,'2019-11-18 11:08:03','2019-11-18 11:08:03'),
('1457349220675579906','1457343229514993665','1457343272993148930','第一节','',NULL,1,0,0,0,'Empty',0,1,'2021-11-07 22:08:25','2021-11-07 22:08:25'),
('1457349681575063554','1457343229514993665','1457343272993148930','第二节','',NULL,1,0,0,0,'Empty',0,1,'2021-11-07 22:10:15','2021-11-07 22:10:15'),
('1457350456313344001','1457343229514993665','1457343272993148930','第三节','',NULL,1,0,0,0,'Empty',0,1,'2021-11-07 22:13:20','2021-11-07 22:13:20'),
('1457358879264337921','1457358761614110721','1457358809794080769','第一节','',NULL,1,0,0,0,'Empty',0,1,'2021-11-07 22:46:48','2021-11-07 22:46:48'),
('1457358934578819074','1457358761614110721','1457358809794080769','第二节',NULL,NULL,2,0,0,0,'Empty',0,1,'2021-11-07 22:47:01','2021-11-07 22:47:01'),
('1457358970087796737','1457358761614110721','1457358809794080769','第三节',NULL,NULL,1,0,0,0,'Empty',0,1,'2021-11-07 22:47:10','2021-11-07 22:47:10'),
('1457515425919082497','1457511829919965186','1457515368067047425','小结','20643f7595eb49fab56e882677ccf970','6 - What If I Want to Move Faster.mp4',2,0,0,0,'Empty',0,1,'2021-11-08 09:08:52','2021-11-09 16:06:31'),
('1457585693463093250','1457585467981504514','1457585615327404033','第一节',NULL,NULL,1,0,0,0,'Empty',0,1,'2021-11-08 13:48:05','2021-11-08 13:48:05'),
('1457585997021650946','1457585467981504514','1457585521857339394','第三节333','20643f7595eb49fab56e882677ccf970','6 - What If I Want to Move Faster.mp4',3,0,0,0,'Empty',0,1,'2021-11-08 13:49:17','2021-11-09 15:23:37'),
('1457594685765705730','1457585467981504514','1457585521857339394','第二节43534','',NULL,3,0,0,0,'Empty',0,1,'2021-11-08 14:23:49','2021-11-08 14:24:03'),
('1457677842435239938','1457673806101311490','1457673836988166146','第一节','20643f7595eb49fab56e882677ccf970',NULL,1,0,0,0,'Empty',0,1,'2021-11-08 19:54:15','2021-11-08 22:19:31'),
('1457679776982462465','1457673806101311490','1457673836988166146','第一节','20643f7595eb49fab56e882677ccf970',NULL,3,0,0,0,'Empty',0,1,'2021-11-08 20:01:56','2021-11-08 20:01:56'),
('1457711242366959618','1457673806101311490','1457673836988166146','第三节','','',1,0,0,0,'Empty',0,1,'2021-11-08 22:06:58','2021-11-08 22:06:58'),
('1457711248327065601','1457673806101311490','1457673836988166146','第三节','','',1,0,0,0,'Empty',0,1,'2021-11-08 22:06:59','2021-11-08 22:06:59'),
('1457972169945718786','1457585467981504514','1457585521857339394','第四节',NULL,NULL,1,0,0,0,'Empty',0,1,'2021-11-09 15:23:48','2021-11-09 15:23:48'),
('1457972228460453889','1457585467981504514','1457585521857339394','第五节',NULL,NULL,1,0,0,0,'Empty',0,1,'2021-11-09 15:24:02','2021-11-09 15:24:02'),
('17','18','15','第一节：Java简介','20643f7595eb49fab56e882677ccf970','1',1,1000,1,100,'Draft',0,1,'2019-01-01 13:08:57','2019-10-11 11:26:39'),
('18','18','15','第二节：表达式和赋值语句','20643f7595eb49fab56e882677ccf970','7 - How Do I Find Time for My ',2,999,1,100,'Draft',0,1,'2019-01-01 13:09:02','2019-03-08 03:30:27'),
('19','18','15','第三节：String类','20643f7595eb49fab56e882677ccf970','eae2b847ef8503b81f5d5593d769dde2.mp4',3,888,0,100,'Draft',0,1,'2019-01-01 13:09:05','2019-11-12 12:50:45'),
('20','18','15','第四节：程序风格','20643f7595eb49fab56e882677ccf970','00-day10总结.avi',4,666,0,100,'Draft',0,1,'2019-01-01 13:09:05','2019-10-11 09:20:09');

/*Table structure for table `statistics_daily` */

DROP TABLE IF EXISTS `statistics_daily`;

CREATE TABLE `statistics_daily` (
  `id` char(19) NOT NULL COMMENT '主键',
  `date_calculated` varchar(20) NOT NULL COMMENT '统计日期',
  `register_num` int(11) NOT NULL DEFAULT '0' COMMENT '注册人数',
  `login_num` int(11) NOT NULL DEFAULT '0' COMMENT '登录人数',
  `video_view_num` int(11) NOT NULL DEFAULT '0' COMMENT '每日播放视频数',
  `course_num` int(11) NOT NULL DEFAULT '0' COMMENT '每日新增课程数',
  `gmt_create` datetime NOT NULL COMMENT '创建时间',
  `gmt_modified` datetime NOT NULL COMMENT '更新时间',
  PRIMARY KEY (`id`),
  KEY `statistics_day` (`date_calculated`)
) ENGINE=InnoDB DEFAULT CHARSET=utf8 COMMENT='网站统计日数据';

/*Data for the table `statistics_daily` */

insert  into `statistics_daily`(`id`,`date_calculated`,`register_num`,`login_num`,`video_view_num`,`course_num`,`gmt_create`,`gmt_modified`) values 
('1078490017163833345','2018-12-28',0,0,154,170,'2018-12-28 11:17:12','2019-09-09 12:12:12'),
('1087142127818768386','2019-01-02',2,0,167,177,'2019-01-21 08:17:36','2019-09-09 12:12:12'),
('1087198321809457153','2019-01-01',1,0,130,189,'2019-01-21 12:00:54','2019-09-09 12:12:12'),
('1087198383973236738','2019-01-03',0,0,114,130,'2019-01-21 12:01:09','2019-09-09 12:12:12'),
('1087451681764982785','2019-01-04',0,0,118,155,'2019-01-22 04:47:39','2019-09-09 12:12:12'),
('1087455336471785473','2019-01-05',0,0,184,186,'2019-01-22 05:02:11','2019-09-09 12:12:12'),
('1105339962460491777','2019-03-01',0,143,168,136,'2019-03-12 13:29:18','2019-03-12 13:29:18'),
('1105339977027309569','2019-03-02',0,165,171,158,'2019-03-12 13:29:21','2019-03-12 13:29:21'),
('1105339990738489346','2019-03-03',0,143,147,194,'2019-03-12 13:29:25','2019-03-12 13:29:25'),
('1105340000544772098','2019-03-04',0,155,106,153,'2019-03-12 13:29:27','2019-03-12 13:29:27'),
('1105340011244441602','2019-03-05',0,186,102,155,'2019-03-12 13:29:30','2019-03-12 13:29:30'),
('1105340020929089538','2019-03-06',0,140,192,129,'2019-03-12 13:29:32','2019-03-12 13:29:32'),
('1105340029800042497','2019-03-07',0,186,139,116,'2019-03-12 13:29:34','2019-03-12 13:29:34'),
('1105340038696161282','2019-03-08',0,120,166,112,'2019-03-12 13:29:36','2019-03-12 13:29:36'),
('1105340049441968129','2019-03-09',0,182,147,119,'2019-03-12 13:29:39','2019-03-12 13:29:39'),
('1105340059738984449','2019-03-10',0,199,141,103,'2019-03-12 13:29:41','2019-03-12 13:29:41'),
('1105340070438653953','2019-03-11',0,127,137,156,'2019-03-12 13:29:44','2019-03-12 13:29:44'),
('1105340080307851266','2019-03-12',0,167,123,132,'2019-03-12 13:29:46','2019-03-12 13:29:46'),
('1105340090047025153','2019-03-13',0,106,132,103,'2019-03-12 13:29:48','2019-03-12 13:29:48'),
('1105340100075606017','2019-03-14',0,166,180,118,'2019-03-12 13:29:51','2019-03-12 13:29:51'),
('1105340110511034370','2019-03-15',0,114,151,185,'2019-03-12 13:29:53','2019-03-12 13:29:53'),
('1105340121412030466','2019-03-16',0,134,105,126,'2019-03-12 13:29:56','2019-03-12 13:29:56'),
('1105340132833120258','2019-03-17',0,169,106,131,'2019-03-12 13:29:59','2019-03-12 13:29:59'),
('1105340145659301890','2019-03-18',0,120,106,163,'2019-03-12 13:30:02','2019-03-12 13:30:02'),
('1105340153578147842','2019-03-19',0,146,155,153,'2019-03-12 13:30:03','2019-03-12 13:30:03'),
('1105340162436517890','2019-03-20',0,127,181,186,'2019-03-12 13:30:06','2019-03-12 13:30:06'),
('1105340171517186050','2019-03-21',0,106,134,145,'2019-03-12 13:30:08','2019-03-12 13:30:08'),
('1105340181034061825','2019-03-22',0,161,182,143,'2019-03-12 13:30:10','2019-03-12 13:30:10'),
('1105340190072786946','2019-03-23',0,183,101,182,'2019-03-12 13:30:12','2019-03-12 13:30:12'),
('1105340199426084865','2019-03-24',0,117,100,102,'2019-03-12 13:30:14','2019-03-12 13:30:14'),
('1105340209261727745','2019-03-25',0,116,103,160,'2019-03-12 13:30:17','2019-03-12 13:30:17'),
('1105340217935548418','2019-03-26',0,101,119,150,'2019-03-12 13:30:19','2019-03-12 13:30:19'),
('1105340225967640577','2019-03-27',0,129,141,181,'2019-03-12 13:30:21','2019-03-12 13:30:21'),
('1105340234075230209','2019-03-28',0,113,179,158,'2019-03-12 13:30:23','2019-03-12 13:30:23'),
('1105340242837131265','2019-03-29',0,117,131,101,'2019-03-12 13:30:25','2019-03-12 13:30:25'),
('1105340252395950082','2019-03-30',0,153,187,174,'2019-03-12 13:30:27','2019-03-12 13:30:27'),
('1105340261958963201','2019-03-31',0,179,135,199,'2019-03-12 13:30:29','2019-03-12 13:30:29'),
('1105372743634898945','2019-01-06',0,113,143,148,'2019-03-12 15:39:34','2019-03-12 15:39:34'),
('1105372754380705793','2019-01-07',0,173,158,153,'2019-03-12 15:39:36','2019-03-12 15:39:36'),
('1105372762526044162','2019-01-08',0,135,199,131,'2019-03-12 15:39:38','2019-03-12 15:39:38'),
('1105372771229224961','2019-01-09',0,161,107,162,'2019-03-12 15:39:40','2019-03-12 15:39:40'),
('1105372780922261505','2019-01-10',0,182,196,135,'2019-03-12 15:39:42','2019-03-12 15:39:42'),
('1105372790103592961','2019-01-11',0,123,194,102,'2019-03-12 15:39:45','2019-03-12 15:39:45'),
('1105372798626418689','2019-01-12',0,185,106,180,'2019-03-12 15:39:47','2019-03-12 15:39:47'),
('1165','2018-01-01',583,26,236,14,'2018-01-25 06:38:19','2019-09-09 12:12:12'),
('1166','2018-01-02',583,26,236,14,'2018-01-25 06:38:19','2019-09-09 12:12:12'),
('1167','2018-01-03',584,26,236,14,'2018-01-25 06:38:19','2019-09-09 12:12:12'),
('1168','2018-01-04',584,26,237,14,'2018-01-25 06:38:19','2019-09-09 12:12:12'),
('1169','2018-01-05',585,26,237,14,'2018-01-25 06:38:19','2019-09-09 12:12:12'),
('1170','2018-01-06',585,26,237,14,'2018-01-25 06:38:19','2019-09-09 12:12:12'),
('1171','2018-01-07',586,26,237,14,'2018-01-25 06:38:19','2019-09-09 12:12:12'),
('1172','2018-01-08',586,26,237,14,'2018-01-25 06:38:19','2019-09-09 12:12:12'),
('1173','2018-01-09',587,26,238,14,'2018-01-25 06:38:19','2019-09-09 12:12:12'),
('1174','2018-01-10',587,26,238,14,'2018-01-25 06:38:19','2019-09-09 12:12:12'),
('1175','2018-01-11',588,27,238,14,'2018-01-25 06:38:19','2019-09-09 12:12:12'),
('1176','2018-01-12',588,27,238,14,'2018-01-25 06:38:19','2019-09-09 12:12:12'),
('1177','2018-01-13',589,27,238,14,'2018-01-25 06:38:19','2019-09-09 12:12:12'),
('1178','2018-01-14',589,27,239,14,'2018-01-25 06:38:19','2019-09-09 12:12:12'),
('1179','2018-01-15',590,27,239,14,'2018-01-25 06:38:19','2019-09-09 12:12:12'),
('1180','2018-01-16',590,27,239,14,'2018-01-25 06:38:19','2019-09-09 12:12:12'),
('1181','2018-01-17',591,27,239,14,'2018-01-25 06:38:19','2019-09-09 12:12:12'),
('1182','2018-01-18',591,27,239,14,'2018-01-25 06:38:19','2019-09-09 12:12:12'),
('1183','2018-01-19',592,27,240,14,'2018-01-25 06:38:19','2019-09-09 12:12:12'),
('1183991737299263490','2019-10-01',0,145,149,153,'2019-10-15 14:23:22','2019-10-15 14:23:22'),
('1183999299272904705','2019-10-03',0,125,102,153,'2019-10-15 14:53:25','2019-10-15 14:53:25'),
('1183999309477646338','2019-10-04',0,103,194,161,'2019-10-15 14:53:28','2019-10-15 14:53:28'),
('1183999318919024642','2019-10-05',0,173,174,147,'2019-10-15 14:53:30','2019-10-15 14:53:30'),
('1183999331409661954','2019-10-06',0,129,197,173,'2019-10-15 14:53:33','2019-10-15 14:53:33'),
('1183999342897860610','2019-10-07',0,184,125,169,'2019-10-15 14:53:36','2019-10-15 14:53:36'),
('1183999351588458498','2019-10-08',0,173,143,138,'2019-10-15 14:53:38','2019-10-15 14:53:38'),
('1183999360316805122','2019-10-09',0,161,158,117,'2019-10-15 14:53:40','2019-10-15 14:53:40'),
('1183999367480676353','2019-10-10',0,190,166,135,'2019-10-15 14:53:42','2019-10-15 14:53:42'),
('1184','2018-01-20',592,27,240,14,'2018-01-25 06:38:19','2019-09-09 12:12:12'),
('1184030117693284353','2019-10-11',0,182,199,193,'2019-10-15 16:55:53','2019-10-15 16:55:53'),
('1185','2018-01-21',593,27,240,14,'2018-01-25 06:38:19','2019-09-09 12:12:12'),
('1186','2018-01-22',593,27,240,14,'2018-01-25 06:38:19','2019-09-09 12:12:12'),
('1186536619937435650','2019-10-02',0,187,183,108,'2019-10-22 14:55:50','2019-10-22 14:55:50'),
('1187','2018-01-23',594,27,240,14,'2018-01-25 06:38:19','2019-09-09 12:12:12'),
('1188','2018-01-24',594,27,241,14,'2018-01-25 06:38:19','2019-09-09 12:12:12'),
('1189','2018-01-25',595,27,241,14,'2018-01-25 06:38:19','2019-09-09 12:12:12'),
('1190','2018-01-26',595,27,241,14,'2018-01-25 06:38:19','2019-09-09 12:12:12'),
('1191','2018-01-27',596,27,241,14,'2018-01-25 06:38:19','2019-09-09 12:12:12'),
('1192','2018-01-28',596,27,241,14,'2018-01-25 06:38:19','2019-09-09 12:12:12'),
('1192253597226455042','2019-11-01',0,129,122,167,'2019-11-07 09:33:03','2019-11-07 09:33:03'),
('1192253902756335617','2019-11-02',0,170,192,192,'2019-11-07 09:34:16','2019-11-07 09:34:16'),
('1193','2018-01-29',597,27,242,14,'2018-01-25 06:38:19','2019-09-09 12:12:12'),
('1194','2018-01-30',597,27,242,14,'2018-01-25 06:38:19','2019-09-09 12:12:12'),
('1194060032935493633','2019-11-11',0,121,121,122,'2019-11-12 09:11:11','2019-11-12 09:11:11'),
('1194060301425475585','2019-11-10',0,155,187,140,'2019-11-12 09:12:15','2019-11-12 09:12:15'),
('1195','2018-01-31',598,27,242,14,'2018-01-25 06:38:19','2019-09-09 12:12:12'),
('1196','2018-02-01',598,27,242,14,'2018-01-25 06:38:19','2019-09-09 12:12:12'),
('1197','2018-02-02',599,27,242,14,'2018-01-25 06:38:19','2019-09-09 12:12:12'),
('1198','2018-02-03',599,27,243,14,'2018-01-25 06:38:19','2019-09-09 12:12:12'),
('1199','2018-02-04',600,27,243,14,'2018-01-25 06:38:19','2019-09-09 12:12:12'),
('1200','2018-02-05',600,27,243,14,'2018-01-25 06:38:19','2019-09-09 12:12:12'),
('1201','2018-02-06',601,27,243,14,'2018-01-25 06:38:19','2019-09-09 12:12:12'),
('1202','2018-02-07',601,27,243,14,'2018-01-25 06:38:19','2019-09-09 12:12:12'),
('1203','2018-02-08',602,27,244,14,'2018-01-25 06:38:19','2019-09-09 12:12:12'),
('1204','2018-02-09',602,27,244,14,'2018-01-25 06:38:19','2019-09-09 12:12:12'),
('1205','2018-02-10',603,27,244,14,'2018-01-25 06:38:19','2019-09-09 12:12:12'),
('1206','2018-02-11',603,27,244,14,'2018-01-25 06:38:19','2019-09-09 12:12:12'),
('1207','2018-02-12',604,27,244,14,'2018-01-25 06:38:19','2019-09-09 12:12:12'),
('1208','2018-02-13',604,27,245,14,'2018-01-25 06:38:19','2019-09-09 12:12:12'),
('1209','2018-02-14',605,27,245,14,'2018-01-25 06:38:19','2019-09-09 12:12:12'),
('1210','2018-02-15',605,27,245,14,'2018-01-25 06:38:19','2019-09-09 12:12:12'),
('1211','2018-02-16',606,27,245,14,'2018-01-25 06:38:19','2019-09-09 12:12:12'),
('1212','2018-02-17',606,27,245,14,'2018-01-25 06:38:19','2019-09-09 12:12:12'),
('1213','2018-02-18',607,27,246,14,'2018-01-25 06:38:19','2019-09-09 12:12:12'),
('1214','2018-02-19',607,27,246,14,'2018-01-25 06:38:19','2019-09-09 12:12:12'),
('1215','2018-02-20',608,27,246,14,'2018-01-25 06:38:19','2019-09-09 12:12:12'),
('1216','2018-02-21',608,27,246,14,'2018-01-25 06:38:19','2019-09-09 12:12:12'),
('1217','2018-02-22',609,27,246,14,'2018-01-25 06:38:19','2019-09-09 12:12:12'),
('1218','2018-02-23',609,27,247,14,'2018-01-25 06:38:19','2019-09-09 12:12:12'),
('1219','2018-02-24',610,27,247,14,'2018-01-25 06:38:19','2019-09-09 12:12:12'),
('1220','2018-02-25',610,27,247,14,'2018-01-25 06:38:19','2019-09-09 12:12:12'),
('1221','2018-02-26',611,27,247,14,'2018-01-25 06:38:19','2019-09-09 12:12:12'),
('1222','2018-02-27',611,27,247,14,'2018-01-25 06:38:19','2019-09-09 12:12:12'),
('1223','2018-02-28',612,27,248,14,'2018-01-25 06:38:19','2019-09-09 12:12:12'),
('1224','2018-03-01',612,27,248,14,'2018-01-25 06:38:19','2019-09-09 12:12:12'),
('1225','2018-03-02',613,28,248,14,'2018-01-25 06:38:19','2019-09-09 12:12:12'),
('1226','2018-03-03',613,28,248,14,'2018-01-25 06:38:19','2019-09-09 12:12:12'),
('1227','2018-03-04',614,28,248,14,'2018-01-25 06:38:19','2019-09-09 12:12:12'),
('1228','2018-03-05',614,28,249,14,'2018-01-25 06:38:19','2019-09-09 12:12:12'),
('1229','2018-03-06',615,28,249,14,'2018-01-25 06:38:19','2019-09-09 12:12:12'),
('1230','2018-03-07',615,28,249,14,'2018-01-25 06:38:19','2019-09-09 12:12:12'),
('1231','2018-03-08',616,28,249,14,'2018-01-25 06:38:19','2019-09-09 12:12:12'),
('1232','2018-03-09',616,28,249,14,'2018-01-25 06:38:19','2019-09-09 12:12:12'),
('1233','2018-03-10',617,28,250,14,'2018-01-25 06:38:19','2019-09-09 12:12:12'),
('1234','2018-03-11',617,28,250,14,'2018-01-25 06:38:19','2019-09-09 12:12:12'),
('1235','2018-03-12',618,28,250,14,'2018-01-25 06:38:19','2019-09-09 12:12:12'),
('1236','2018-03-13',618,28,250,14,'2018-01-25 06:38:19','2019-09-09 12:12:12'),
('1237','2018-03-14',619,28,250,14,'2018-01-25 06:38:19','2019-09-09 12:12:12'),
('1238','2018-03-15',619,28,251,14,'2018-01-25 06:38:19','2019-09-09 12:12:12'),
('1239','2018-03-16',620,28,251,14,'2018-01-25 06:38:19','2019-09-09 12:12:12'),
('1240','2018-03-17',620,28,251,14,'2018-01-25 06:38:19','2019-09-09 12:12:12'),
('1241','2018-03-18',621,28,251,14,'2018-01-25 06:38:19','2019-09-09 12:12:12'),
('1242','2018-03-19',621,28,251,14,'2018-01-25 06:38:19','2019-09-09 12:12:12'),
('1243','2018-03-20',622,28,252,14,'2018-01-25 06:38:19','2019-09-09 12:12:12'),
('1244','2018-03-21',622,28,252,14,'2018-01-25 06:38:19','2019-09-09 12:12:12'),
('1245','2018-03-22',623,28,252,14,'2018-01-25 06:38:19','2019-09-09 12:12:12'),
('1246','2018-03-23',623,28,252,14,'2018-01-25 06:38:19','2019-09-09 12:12:12'),
('1247','2018-03-24',624,28,252,14,'2018-01-25 06:38:19','2019-09-09 12:12:12'),
('1248','2018-03-25',624,28,253,14,'2018-01-25 06:38:19','2019-09-09 12:12:12'),
('1249','2018-03-26',625,28,253,14,'2018-01-25 06:38:19','2019-09-09 12:12:12'),
('1250','2018-03-27',625,28,253,14,'2018-01-25 06:38:19','2019-09-09 12:12:12'),
('1251','2018-03-28',626,28,253,14,'2018-01-25 06:38:19','2019-09-09 12:12:12'),
('1252','2018-03-29',626,28,253,14,'2018-01-25 06:38:19','2019-09-09 12:12:12'),
('1253','2018-03-30',627,28,254,14,'2018-01-25 06:38:19','2019-09-09 12:12:12'),
('1254','2018-03-31',627,28,254,14,'2018-01-25 06:38:19','2019-09-09 12:12:12'),
('1255','2018-04-01',628,28,254,14,'2018-01-25 06:38:19','2019-09-09 12:12:12'),
('1256','2018-04-02',628,28,254,14,'2018-01-25 06:38:19','2019-09-09 12:12:12'),
('1257','2018-04-03',629,28,254,14,'2018-01-25 06:38:19','2019-09-09 12:12:12'),
('1258','2018-04-04',629,28,255,14,'2018-01-25 06:38:19','2019-09-09 12:12:12'),
('1259','2018-04-05',630,28,255,14,'2018-01-25 06:38:19','2019-09-09 12:12:12'),
('1260','2018-04-06',630,28,255,14,'2018-01-25 06:38:19','2019-09-09 12:12:12'),
('1261','2018-04-07',631,28,255,14,'2018-01-25 06:38:19','2019-09-09 12:12:12'),
('1262','2018-04-08',631,28,255,14,'2018-01-25 06:38:19','2019-09-09 12:12:12'),
('1263','2018-04-09',632,28,256,14,'2018-01-25 06:38:19','2019-09-09 12:12:12'),
('1264','2018-04-10',632,28,256,14,'2018-01-25 06:38:19','2019-09-09 12:12:12'),
('1265','2018-04-11',633,28,256,14,'2018-01-25 06:38:19','2019-09-09 12:12:12'),
('1266','2018-04-12',633,28,256,14,'2018-01-25 06:38:19','2019-09-09 12:12:12'),
('1267','2018-04-13',634,28,256,14,'2018-01-25 06:38:19','2019-09-09 12:12:12'),
('1268','2018-04-14',634,28,257,14,'2018-01-25 06:38:19','2019-09-09 12:12:12'),
('1269','2018-04-15',635,28,257,14,'2018-01-25 06:38:19','2019-09-09 12:12:12'),
('1270','2018-04-16',635,28,257,14,'2018-01-25 06:38:19','2019-09-09 12:12:12'),
('1271','2018-04-17',636,28,257,14,'2018-01-25 06:38:19','2019-09-09 12:12:12'),
('1272','2018-04-18',636,28,257,14,'2018-01-25 06:38:19','2019-09-09 12:12:12'),
('1273','2018-04-19',637,28,258,14,'2018-01-25 06:38:19','2019-09-09 12:12:12'),
('1274','2018-04-20',637,28,258,14,'2018-01-25 06:38:19','2019-09-09 12:12:12'),
('1275','2018-04-21',638,29,258,14,'2018-01-25 06:38:19','2019-09-09 12:12:12'),
('1276','2018-04-22',638,29,258,14,'2018-01-25 06:38:19','2019-09-09 12:12:12'),
('1277','2018-04-23',639,29,258,14,'2018-01-25 06:38:19','2019-09-09 12:12:12'),
('1278','2018-04-24',639,29,259,14,'2018-01-25 06:38:19','2019-09-09 12:12:12'),
('1279','2018-04-25',640,29,259,14,'2018-01-25 06:38:19','2019-09-09 12:12:12'),
('1280','2018-04-26',640,29,259,14,'2018-01-25 06:38:19','2019-09-09 12:12:12'),
('1281','2018-04-27',641,29,259,14,'2018-01-25 06:38:19','2019-09-09 12:12:12'),
('1282','2018-04-28',641,29,259,14,'2018-01-25 06:38:19','2019-09-09 12:12:12'),
('1283','2018-04-29',642,29,260,14,'2018-01-25 06:38:19','2019-09-09 12:12:12'),
('1284','2018-04-30',642,29,260,14,'2018-01-25 06:38:19','2019-09-09 12:12:12'),
('1285','2018-05-01',643,29,260,14,'2018-01-25 06:38:19','2019-09-09 12:12:12'),
('1286','2018-05-02',643,29,260,14,'2018-01-25 06:38:19','2019-09-09 12:12:12'),
('1287','2018-05-03',644,29,260,14,'2018-01-25 06:38:19','2019-09-09 12:12:12'),
('1288','2018-05-04',644,29,261,14,'2018-01-25 06:38:19','2019-09-09 12:12:12'),
('1289','2018-05-05',645,29,261,14,'2018-01-25 06:38:19','2019-09-09 12:12:12'),
('1290','2018-05-06',645,29,261,14,'2018-01-25 06:38:19','2019-09-09 12:12:12'),
('1291','2018-05-07',646,29,261,14,'2018-01-25 06:38:19','2019-09-09 12:12:12'),
('1292','2018-05-08',646,29,261,14,'2018-01-25 06:38:19','2019-09-09 12:12:12'),
('1293','2018-05-09',647,29,262,14,'2018-01-25 06:38:19','2019-09-09 12:12:12'),
('1294','2018-05-10',647,29,262,14,'2018-01-25 06:38:19','2019-09-09 12:12:12'),
('1295','2018-05-11',648,29,262,14,'2018-01-25 06:38:19','2019-09-09 12:12:12'),
('1296','2018-05-12',648,29,262,14,'2018-01-25 06:38:19','2019-09-09 12:12:12'),
('1297','2018-05-13',649,29,262,14,'2018-01-25 06:38:19','2019-09-09 12:12:12'),
('1298','2018-05-14',649,29,263,14,'2018-01-25 06:38:19','2019-09-09 12:12:12'),
('1299','2018-05-15',5,29,263,14,'2018-01-25 06:38:19','2019-09-09 12:12:12'),
('1300','2018-05-16',650,29,263,14,'2018-01-25 06:38:19','2019-09-09 12:12:12'),
('1301','2018-05-17',651,29,263,14,'2018-01-25 06:38:19','2019-09-09 12:12:12'),
('1302','2018-05-18',651,29,263,14,'2018-01-25 06:38:19','2019-09-09 12:12:12'),
('1303','2018-05-19',652,29,264,14,'2018-01-25 06:38:19','2019-09-09 12:12:12'),
('1304','2018-05-20',652,29,264,14,'2018-01-25 06:38:19','2019-09-09 12:12:12'),
('1305','2018-05-21',653,29,264,14,'2018-01-25 06:38:19','2019-09-09 12:12:12'),
('1306','2018-05-22',1,29,264,14,'2018-01-25 06:38:19','2019-09-09 12:12:12'),
('1307','2018-05-23',654,29,264,14,'2018-01-25 06:38:19','2019-09-09 12:12:12'),
('1308','2018-05-24',654,29,265,14,'2018-01-25 06:38:19','2019-09-09 12:12:12'),
('1309','2018-05-25',1,29,265,14,'2018-01-25 06:38:19','2019-09-09 12:12:12'),
('1310','2018-05-26',655,29,265,14,'2018-01-25 06:38:19','2019-09-09 12:12:12'),
('1311','2018-05-27',656,29,265,14,'2018-01-25 06:38:19','2019-09-09 12:12:12'),
('1312','2018-05-28',656,29,265,14,'2018-01-25 06:38:19','2019-09-09 12:12:12'),
('1313','2018-05-29',657,29,266,14,'2018-01-25 06:38:19','2019-09-09 12:12:12'),
('1314','2018-05-30',657,29,266,14,'2018-01-25 06:38:19','2019-09-09 12:12:12'),
('1315','2018-05-31',658,29,266,14,'2018-01-25 06:38:19','2019-09-09 12:12:12'),
('1316','2018-06-01',658,29,266,14,'2018-01-25 06:38:19','2019-09-09 12:12:12'),
('1317','2018-06-02',659,29,266,14,'2018-01-25 06:38:19','2019-09-09 12:12:12'),
('1318','2018-06-03',659,29,267,14,'2018-01-25 06:38:19','2019-09-09 12:12:12'),
('1319','2018-06-04',660,29,267,14,'2018-01-25 06:38:19','2019-09-09 12:12:12'),
('1320','2018-06-05',660,29,267,14,'2018-01-25 06:38:19','2019-09-09 12:12:12'),
('1321','2018-06-06',661,29,267,14,'2018-01-25 06:38:19','2019-09-09 12:12:12'),
('1322','2018-06-07',661,29,267,14,'2018-01-25 06:38:19','2019-09-09 12:12:12'),
('1323','2018-06-08',662,29,268,14,'2018-01-25 06:38:19','2019-09-09 12:12:12'),
('1324','2018-06-09',662,29,268,14,'2018-01-25 06:38:19','2019-09-09 12:12:12'),
('1325','2018-06-10',663,30,268,14,'2018-01-25 06:38:19','2019-09-09 12:12:12'),
('1326','2018-06-11',663,30,268,14,'2018-01-25 06:38:19','2019-09-09 12:12:12'),
('1327','2018-06-12',664,30,268,14,'2018-01-25 06:38:19','2019-09-09 12:12:12'),
('1328','2018-06-13',664,30,269,14,'2018-01-25 06:38:19','2019-09-09 12:12:12'),
('1329','2018-06-14',665,30,269,14,'2018-01-25 06:38:19','2019-09-09 12:12:12'),
('1330','2018-06-15',665,30,269,14,'2018-01-25 06:38:19','2019-09-09 12:12:12'),
('1331','2018-06-16',666,30,269,14,'2018-01-25 06:38:19','2019-09-09 12:12:12'),
('1332','2018-06-17',666,30,269,14,'2018-01-25 06:38:19','2019-09-09 12:12:12'),
('1333','2018-06-18',667,30,270,14,'2018-01-25 06:38:19','2019-09-09 12:12:12'),
('1334','2018-06-19',667,30,270,14,'2018-01-25 06:38:19','2019-09-09 12:12:12'),
('1335','2018-06-20',668,30,270,14,'2018-01-25 06:38:19','2019-09-09 12:12:12'),
('1336','2018-06-21',668,30,270,14,'2018-01-25 06:38:19','2019-09-09 12:12:12'),
('1337','2018-06-22',669,30,270,14,'2018-01-25 06:38:19','2019-09-09 12:12:12'),
('1338','2018-06-23',669,30,271,14,'2018-01-25 06:38:19','2019-09-09 12:12:12'),
('1339','2018-06-24',670,30,271,14,'2018-01-25 06:38:19','2019-09-09 12:12:12'),
('1340','2018-06-25',670,30,271,14,'2018-01-25 06:38:19','2019-09-09 12:12:12'),
('1341','2018-06-26',671,30,271,14,'2018-01-25 06:38:19','2019-09-09 12:12:12'),
('1342','2018-06-27',671,30,271,14,'2018-01-25 06:38:19','2019-09-09 12:12:12'),
('1343','2018-06-28',672,30,272,14,'2018-01-25 06:38:19','2019-09-09 12:12:12'),
('1344','2018-06-29',672,30,272,14,'2018-01-25 06:38:19','2019-09-09 12:12:12'),
('1345','2018-06-30',673,30,272,14,'2018-01-25 06:38:20','2019-09-09 12:12:12'),
('1346','2018-07-01',673,30,272,14,'2018-01-25 06:38:20','2019-09-09 12:12:12'),
('1347','2018-07-02',674,30,272,14,'2018-01-25 06:38:20','2019-09-09 12:12:12'),
('1348','2018-07-03',674,30,273,14,'2018-01-25 06:38:20','2019-09-09 12:12:12'),
('1349','2018-07-04',675,30,273,14,'2018-01-25 06:38:20','2019-09-09 12:12:12'),
('1350','2018-07-05',675,30,273,14,'2018-01-25 06:38:20','2019-09-09 12:12:12'),
('1351','2018-07-06',676,30,273,14,'2018-01-25 06:38:20','2019-09-09 12:12:12'),
('1352','2018-07-07',676,30,273,14,'2018-01-25 06:38:20','2019-09-09 12:12:12'),
('1353','2018-07-08',677,30,274,14,'2018-01-25 06:38:20','2019-09-09 12:12:12'),
('1354','2018-07-09',677,30,274,14,'2018-01-25 06:38:20','2019-09-09 12:12:12'),
('1355','2018-07-10',678,30,274,14,'2018-01-25 06:38:20','2019-09-09 12:12:12'),
('1356','2018-07-11',678,30,274,14,'2018-01-25 06:38:20','2019-09-09 12:12:12'),
('1357','2018-07-12',679,30,274,14,'2018-01-25 06:38:20','2019-09-09 12:12:12'),
('1358','2018-07-13',679,30,275,14,'2018-01-25 06:38:20','2019-09-09 12:12:12'),
('1359','2018-07-14',680,30,275,14,'2018-01-25 06:38:20','2019-09-09 12:12:12'),
('1360','2018-07-15',680,30,275,14,'2018-01-25 06:38:20','2019-09-09 12:12:12'),
('1361','2018-07-16',681,30,275,14,'2018-01-25 06:38:20','2019-09-09 12:12:12'),
('1362','2018-07-17',681,30,275,14,'2018-01-25 06:38:20','2019-09-09 12:12:12'),
('1363','2018-07-18',682,30,276,14,'2018-01-25 06:38:20','2019-09-09 12:12:12'),
('1364','2018-07-19',682,30,276,14,'2018-01-25 06:38:20','2019-09-09 12:12:12'),
('1365','2018-07-20',683,30,276,14,'2018-01-25 06:38:20','2019-09-09 12:12:12'),
('1366','2018-07-21',683,30,276,14,'2018-01-25 06:38:20','2019-09-09 12:12:12'),
('1367','2018-07-22',684,30,276,14,'2018-01-25 06:38:20','2019-09-09 12:12:12'),
('1368','2018-07-23',684,30,277,14,'2018-01-25 06:38:20','2019-09-09 12:12:12'),
('1369','2018-07-24',685,30,277,14,'2018-01-25 06:38:20','2019-09-09 12:12:12'),
('1370','2018-07-25',685,30,277,14,'2018-01-25 06:38:20','2019-09-09 12:12:12'),
('1371','2018-07-26',686,30,277,14,'2018-01-25 06:38:20','2019-09-09 12:12:12'),
('1372','2018-07-27',686,30,277,14,'2018-01-25 06:38:20','2019-09-09 12:12:12'),
('1373','2018-07-28',687,30,278,14,'2018-01-25 06:38:20','2019-09-09 12:12:12'),
('1374','2018-07-29',687,30,278,14,'2018-01-25 06:38:20','2019-09-09 12:12:12'),
('1375','2018-07-30',688,31,278,14,'2018-01-25 06:38:20','2019-09-09 12:12:12'),
('1376','2018-07-31',688,31,278,14,'2018-01-25 06:38:20','2019-09-09 12:12:12'),
('1377','2018-08-01',689,31,278,14,'2018-01-25 06:38:20','2019-09-09 12:12:12'),
('1378','2018-08-02',689,31,279,14,'2018-01-25 06:38:20','2019-09-09 12:12:12'),
('1379','2018-08-03',690,31,279,14,'2018-01-25 06:38:20','2019-09-09 12:12:12'),
('1380','2018-08-04',690,31,279,14,'2018-01-25 06:38:20','2019-09-09 12:12:12'),
('1381','2018-08-05',691,31,279,14,'2018-01-25 06:38:20','2019-09-09 12:12:12'),
('1382','2018-08-06',691,31,279,14,'2018-01-25 06:38:20','2019-09-09 12:12:12'),
('1383','2018-08-07',692,31,280,14,'2018-01-25 06:38:20','2019-09-09 12:12:12'),
('1384','2018-08-08',692,31,280,14,'2018-01-25 06:38:20','2019-09-09 12:12:12'),
('1385','2018-08-09',1,31,280,14,'2018-01-25 06:38:20','2019-09-09 12:12:12'),
('1386','2018-08-10',693,31,280,14,'2018-01-25 06:38:20','2019-09-09 12:12:12'),
('1387','2018-08-11',694,31,280,14,'2018-01-25 06:38:20','2019-09-09 12:12:12'),
('1388','2018-08-12',694,31,281,14,'2018-01-25 06:38:20','2019-09-09 12:12:12'),
('1389','2018-08-13',695,31,281,14,'2018-01-25 06:38:20','2019-09-09 12:12:12'),
('1390','2018-08-14',695,31,281,14,'2018-01-25 06:38:20','2019-09-09 12:12:12'),
('1391','2018-08-15',696,31,281,14,'2018-01-25 06:38:20','2019-09-09 12:12:12'),
('1392','2018-08-16',696,31,281,14,'2018-01-25 06:38:20','2019-09-09 12:12:12'),
('1393','2018-08-17',697,31,282,14,'2018-01-25 06:38:20','2019-09-09 12:12:12'),
('1394','2018-08-18',697,31,282,14,'2018-01-25 06:38:20','2019-09-09 12:12:12'),
('1395','2018-08-19',698,31,282,14,'2018-01-25 06:38:20','2019-09-09 12:12:12'),
('1396','2018-08-20',698,31,282,14,'2018-01-25 06:38:20','2019-09-09 12:12:12'),
('1397','2018-08-21',699,31,282,14,'2018-01-25 06:38:20','2019-09-09 12:12:12'),
('1398','2018-08-22',699,31,283,14,'2018-01-25 06:38:20','2019-09-09 12:12:12'),
('1399','2018-08-23',700,31,283,14,'2018-01-25 06:38:20','2019-09-09 12:12:12'),
('1400','2018-08-24',700,31,283,14,'2018-01-25 06:38:20','2019-09-09 12:12:12'),
('1401','2018-08-25',701,31,283,14,'2018-01-25 06:38:20','2019-09-09 12:12:12'),
('1402','2018-08-26',701,31,283,14,'2018-01-25 06:38:20','2019-09-09 12:12:12'),
('1403','2018-08-27',702,31,284,14,'2018-01-25 06:38:20','2019-09-09 12:12:12'),
('1404','2018-08-28',702,31,284,14,'2018-01-25 06:38:20','2019-09-09 12:12:12'),
('1405','2018-08-29',703,31,284,14,'2018-01-25 06:38:20','2019-09-09 12:12:12'),
('1406','2018-08-30',703,31,284,14,'2018-01-25 06:38:20','2019-09-09 12:12:12'),
('1407','2018-08-31',704,31,284,14,'2018-01-25 06:38:20','2019-09-09 12:12:12'),
('1408','2018-09-01',1,31,285,14,'2018-01-25 06:38:20','2019-09-09 12:12:12'),
('1409','2018-09-02',705,31,285,14,'2018-01-25 06:38:20','2019-09-09 12:12:12'),
('1410','2018-09-03',705,31,285,14,'2018-01-25 06:38:20','2019-09-09 12:12:12'),
('1411','2018-09-04',706,31,285,14,'2018-01-25 06:38:20','2019-09-09 12:12:12'),
('1412','2018-09-05',706,31,285,14,'2018-01-25 06:38:20','2019-09-09 12:12:12'),
('1413','2018-09-06',707,31,286,14,'2018-01-25 06:38:20','2019-09-09 12:12:12'),
('1414','2018-09-07',707,31,1,14,'2018-01-25 06:38:20','2019-09-09 12:12:12'),
('1415','2018-09-08',708,31,1,14,'2018-01-25 06:38:20','2019-09-09 12:12:12'),
('1416','2018-09-09',1,31,1,14,'2018-01-25 06:38:20','2019-09-09 12:12:12'),
('1417','2018-09-10',1,31,2,14,'2018-01-25 06:38:20','2019-09-09 12:12:12'),
('1418','2018-09-11',709,31,287,14,'2018-01-25 06:38:20','2019-09-09 12:12:12'),
('1419','2018-09-12',710,31,287,14,'2018-01-25 06:38:20','2019-09-09 12:12:12'),
('1420','2018-09-13',710,31,287,14,'2018-01-25 06:38:20','2019-09-09 12:12:12'),
('1421','2018-09-14',711,31,287,14,'2018-01-25 06:38:20','2019-09-09 12:12:12'),
('1422','2018-09-15',711,31,287,14,'2018-01-25 06:38:20','2019-09-09 12:12:12'),
('1423','2018-09-16',712,31,288,14,'2018-01-25 06:38:20','2019-09-09 12:12:12'),
('1424','2018-09-17',712,31,288,14,'2018-01-25 06:38:20','2019-09-09 12:12:12'),
('1425','2018-09-18',713,32,288,14,'2018-01-25 06:38:20','2019-09-09 12:12:12'),
('1426','2018-09-19',713,32,288,14,'2018-01-25 06:38:20','2019-09-09 12:12:12'),
('1427','2018-09-20',714,32,288,14,'2018-01-25 06:38:20','2019-09-09 12:12:12'),
('1428','2018-09-21',714,32,289,14,'2018-01-25 06:38:20','2019-09-09 12:12:12'),
('1429','2018-09-22',715,32,289,14,'2018-01-25 06:38:20','2019-09-09 12:12:12'),
('1430','2018-09-23',715,32,289,14,'2018-01-25 06:38:20','2019-09-09 12:12:12'),
('1431','2018-09-24',716,32,1,14,'2018-01-25 06:38:20','2019-09-09 12:12:12'),
('1432','2018-09-25',716,32,289,14,'2018-01-25 06:38:20','2019-09-09 12:12:12'),
('1433','2018-09-26',717,32,290,14,'2018-01-25 06:38:20','2019-09-09 12:12:12'),
('1434','2018-09-27',717,32,290,14,'2018-01-25 06:38:20','2019-09-09 12:12:12'),
('1435','2018-09-28',718,32,290,14,'2018-01-25 06:38:20','2019-09-09 12:12:12'),
('1436','2018-09-29',718,32,1,14,'2018-01-25 06:38:20','2019-09-09 12:12:12'),
('1437','2018-09-30',719,32,290,14,'2018-01-25 06:38:20','2019-09-09 12:12:12'),
('1438','2018-10-01',719,32,291,14,'2018-01-25 06:38:20','2019-09-09 12:12:12'),
('1439','2018-10-02',720,32,291,14,'2018-01-25 06:38:20','2019-09-09 12:12:12'),
('1440','2018-10-03',720,32,291,14,'2018-01-25 06:38:20','2019-09-09 12:12:12'),
('1441','2018-10-04',721,32,291,14,'2018-01-25 06:38:20','2019-09-09 12:12:12'),
('1442','2018-10-05',721,32,291,14,'2018-01-25 06:38:20','2019-09-09 12:12:12'),
('1443','2018-10-06',722,32,292,14,'2018-01-25 06:38:20','2019-09-09 12:12:12'),
('1444','2018-10-07',722,32,292,14,'2018-01-25 06:38:20','2019-09-09 12:12:12'),
('1445','2018-10-08',1,32,292,14,'2018-01-25 06:38:20','2019-09-09 12:12:12'),
('1446','2018-10-09',723,32,292,14,'2018-01-25 06:38:20','2019-09-09 12:12:12'),
('1447','2018-10-10',724,32,292,14,'2018-01-25 06:38:20','2019-09-09 12:12:12'),
('1448','2018-10-11',724,32,293,14,'2018-01-25 06:38:20','2019-09-09 12:12:12'),
('1449','2018-10-12',725,32,293,14,'2018-01-25 06:38:20','2019-09-09 12:12:12'),
('1450','2018-10-13',725,32,293,14,'2018-01-25 06:38:20','2019-09-09 12:12:12'),
('1451','2018-10-14',726,32,4,14,'2018-01-25 06:38:20','2019-09-09 12:12:12'),
('1452','2018-10-15',726,32,293,14,'2018-01-25 06:38:20','2019-09-09 12:12:12'),
('1453','2018-10-16',727,32,294,14,'2018-01-25 06:38:20','2019-09-09 12:12:12'),
('1454','2018-10-17',727,32,294,14,'2018-01-25 06:38:20','2019-09-09 12:12:12'),
('1455','2018-10-18',728,32,294,14,'2018-01-25 06:38:20','2019-09-09 12:12:12'),
('1456','2018-10-19',728,32,294,14,'2018-01-25 06:38:20','2019-09-09 12:12:12'),
('1457','2018-10-20',729,32,294,14,'2018-01-25 06:38:20','2019-09-09 12:12:12'),
('1458','2018-10-21',729,32,295,14,'2018-01-25 06:38:20','2019-09-09 12:12:12'),
('1459','2018-10-22',730,32,1,14,'2018-01-25 06:38:20','2019-09-09 12:12:12'),
('1460','2018-10-23',730,32,295,14,'2018-01-25 06:38:20','2019-09-09 12:12:12'),
('1460849635670556673','2019-01-19',6,205,212,111,'2021-11-17 13:57:49','2021-11-17 13:57:49'),
('1461','2018-10-24',731,32,295,14,'2018-01-25 06:38:20','2019-09-09 12:12:12'),
('1462','2018-10-25',731,32,295,14,'2018-01-25 06:38:20','2019-09-09 12:12:12'),
('1463','2018-10-26',732,32,296,14,'2018-01-25 06:38:20','2019-09-09 12:12:12'),
('1464','2018-10-27',732,32,296,14,'2018-01-25 06:38:20','2019-09-09 12:12:12'),
('1465','2018-10-28',733,32,296,14,'2018-01-25 06:38:20','2019-09-09 12:12:12'),
('1466','2018-10-29',2,32,3,14,'2018-01-25 06:38:20','2019-09-09 12:12:12'),
('1467','2018-10-30',734,32,296,14,'2018-01-25 06:38:20','2019-09-09 12:12:12'),
('1468','2018-10-31',734,32,297,14,'2018-01-25 06:38:20','2019-09-09 12:12:12'),
('1469','2018-11-01',735,32,297,14,'2018-01-25 06:38:20','2019-09-09 12:12:12'),
('1470','2018-11-02',735,32,297,14,'2018-01-25 06:38:20','2019-09-09 12:12:12'),
('1471','2018-11-03',1,32,297,14,'2018-01-25 06:38:20','2019-09-09 12:12:12'),
('1472','2018-11-04',736,32,1,14,'2018-01-25 06:38:20','2019-09-09 12:12:12'),
('1473','2018-11-05',737,32,298,14,'2018-01-25 06:38:20','2019-09-09 12:12:12'),
('1474','2018-11-06',737,32,298,14,'2018-01-25 06:38:20','2019-09-09 12:12:12'),
('1475','2018-11-07',738,33,298,14,'2018-01-25 06:38:20','2019-09-09 12:12:12'),
('1476','2018-11-08',738,33,169,14,'2018-01-25 06:38:20','2019-09-09 12:12:12'),
('1477','2018-11-09',1,33,298,14,'2018-01-25 06:38:20','2019-09-09 12:12:12'),
('1478','2018-11-10',739,33,78,14,'2018-01-25 06:38:20','2019-09-09 12:12:12'),
('1479','2018-11-11',740,33,299,14,'2018-01-25 06:38:20','2019-09-09 12:12:12'),
('1480','2018-11-12',740,33,299,14,'2018-01-25 06:38:20','2019-09-09 12:12:12'),
('1481','2018-11-13',741,33,299,14,'2018-01-25 06:38:20','2019-09-09 12:12:12'),
('1482','2018-11-14',741,33,299,14,'2018-01-25 06:38:20','2019-09-09 12:12:12'),
('1483','2018-11-15',742,33,300,14,'2018-01-25 06:38:20','2019-09-09 12:12:12'),
('1484','2018-11-16',742,33,35,14,'2018-01-25 06:38:20','2019-09-09 12:12:12'),
('1485','2018-11-17',743,33,300,14,'2018-01-25 06:38:20','2019-09-09 12:12:12'),
('1486','2018-11-18',743,33,300,14,'2018-01-25 06:38:20','2019-09-09 12:12:12'),
('1487','2018-11-19',744,33,300,14,'2018-01-25 06:38:20','2019-09-09 12:12:12'),
('1488','2018-11-20',744,33,301,14,'2018-01-25 06:38:20','2019-09-09 12:12:12'),
('1489','2018-11-21',745,33,234,14,'2018-01-25 06:38:20','2019-09-09 12:12:12'),
('1490','2018-11-22',456,33,301,14,'2018-01-25 06:38:20','2019-09-09 12:12:12'),
('1491','2018-11-23',746,33,301,14,'2018-01-25 06:38:20','2019-09-09 12:12:12'),
('1492','2018-11-24',746,33,301,14,'2018-01-25 06:38:20','2019-09-09 12:12:12'),
('1493','2018-11-25',747,33,302,14,'2018-01-25 06:38:20','2019-09-09 12:12:12'),
('1494','2018-11-26',747,4,302,14,'2018-01-25 06:38:20','2019-09-09 12:12:12'),
('1495','2018-11-27',748,33,302,14,'2018-01-25 06:38:20','2019-09-09 12:12:12'),
('1496','2018-11-28',748,33,36,14,'2018-01-25 06:38:20','2019-09-09 12:12:12'),
('1497','2018-11-29',749,33,302,2,'2018-01-25 06:38:20','2019-09-09 12:12:12'),
('1498','2018-11-30',749,3,303,14,'2018-01-25 06:38:20','2019-09-09 12:12:12'),
('1499','2018-12-01',750,33,303,14,'2018-01-25 06:38:20','2019-09-09 12:12:12'),
('1500','2018-12-02',234,33,303,14,'2018-01-25 06:38:20','2019-09-09 12:12:12'),
('1501','2018-12-03',751,33,303,14,'2018-01-25 06:38:20','2019-09-09 12:12:12'),
('1502','2018-12-04',751,33,303,14,'2018-01-25 06:38:20','2019-09-09 12:12:12'),
('1503','2018-12-05',752,6,304,33,'2018-01-25 06:38:20','2019-09-09 12:12:12'),
('1505','2018-12-07',753,33,55,14,'2018-01-25 06:38:20','2019-09-09 12:12:12'),
('1506','2018-12-08',753,33,304,14,'2018-01-25 06:38:20','2019-09-09 12:12:12'),
('1507','2018-12-09',754,33,304,14,'2018-01-25 06:38:20','2019-09-09 12:12:12'),
('1508','2018-12-10',754,1,305,14,'2018-01-25 06:38:20','2019-09-09 12:12:12'),
('1509','2018-12-11',755,33,305,14,'2018-01-25 06:38:20','2019-09-09 12:12:12'),
('1510','2018-12-12',755,33,305,14,'2018-01-25 06:38:20','2019-09-09 12:12:12'),
('1511','2018-12-13',756,33,305,14,'2018-01-25 06:38:20','2019-09-09 12:12:12'),
('1512','2018-12-14',366,33,305,14,'2018-01-25 06:38:20','2019-09-09 12:12:12'),
('1513','2018-12-15',757,33,66,14,'2018-01-25 06:38:20','2019-09-09 12:12:12'),
('1514','2018-12-16',757,33,306,14,'2018-01-25 06:38:20','2019-09-09 12:12:12'),
('1515','2018-12-17',758,33,306,14,'2018-01-25 06:38:20','2019-09-09 12:12:12'),
('1516','2018-12-18',758,2,306,14,'2018-01-25 06:38:20','2019-09-09 12:12:12'),
('1517','2018-12-19',759,33,306,14,'2018-01-25 06:38:20','2019-09-09 12:12:12'),
('1518','2018-12-20',564,33,307,14,'2018-01-25 06:38:20','2019-09-09 12:12:12'),
('1519','2018-12-21',760,33,307,14,'2018-01-25 06:38:20','2019-09-09 12:12:12'),
('1520','2018-12-22',760,33,307,14,'2018-01-25 06:38:20','2019-09-09 12:12:12'),
('1521','2018-12-23',761,33,307,14,'2018-01-25 06:38:20','2019-09-09 12:12:12'),
('1522','2018-12-24',761,33,307,14,'2018-01-25 06:38:20','2019-09-09 12:12:12'),
('1527','2018-12-29',764,34,308,14,'2018-01-25 06:38:20','2019-09-09 12:12:12'),
('1528','2018-12-30',764,34,309,14,'2018-01-25 06:38:20','2019-09-09 12:12:12'),
('1529','2018-12-31',765,34,309,14,'2018-01-25 06:38:20','2019-09-09 12:12:12'),
('1554','2018-01-01',333,34,314,14,'2018-02-02 08:58:31','2019-09-09 12:12:12'),
('1555','2018-01-02',778,34,314,14,'2018-02-02 08:58:31','2019-09-09 12:12:12'),
('1556','2018-01-03',778,34,314,14,'2018-02-02 08:58:31','2019-09-09 12:12:12'),
('1557','2018-01-04',779,34,314,14,'2018-02-02 08:58:31','2019-09-09 12:12:12'),
('1558','2018-01-05',779,34,315,14,'2018-02-02 08:58:31','2019-09-09 12:12:12'),
('1559','2018-01-06',780,34,315,14,'2018-02-02 08:58:31','2019-09-09 12:12:12'),
('1560','2018-01-07',780,34,315,14,'2018-02-02 08:58:31','2019-09-09 12:12:12'),
('1561','2018-01-08',781,34,315,14,'2018-02-02 08:58:31','2019-09-09 12:12:12'),
('1562','2018-01-09',781,34,315,14,'2018-02-02 08:58:31','2019-09-09 12:12:12'),
('1563','2018-01-10',782,34,316,14,'2018-02-02 08:58:31','2019-09-09 12:12:12'),
('1564','2018-01-11',782,34,316,14,'2018-02-02 08:58:31','2019-09-09 12:12:12'),
('1565','2018-01-12',783,34,316,14,'2018-02-02 08:58:31','2019-09-09 12:12:12'),
('1566','2018-01-13',783,34,316,14,'2018-02-02 08:58:31','2019-09-09 12:12:12'),
('1567','2018-01-14',784,34,316,14,'2018-02-02 08:58:31','2019-09-09 12:12:12'),
('1568','2018-01-15',784,34,317,14,'2018-02-02 08:58:31','2019-09-09 12:12:12'),
('1569','2018-01-16',23,34,317,14,'2018-02-02 08:58:31','2019-09-09 12:12:12'),
('1570','2018-01-17',785,34,317,14,'2018-02-02 08:58:31','2019-09-09 12:12:12'),
('1571','2018-01-18',786,34,317,14,'2018-02-02 08:58:31','2019-09-09 12:12:12'),
('1572','2018-01-19',786,34,317,14,'2018-02-02 08:58:31','2019-09-09 12:12:12'),
('1573','2018-01-20',787,2,318,14,'2018-02-02 08:58:31','2019-09-09 12:12:12'),
('1574','2018-01-21',787,2,318,14,'2018-02-02 08:58:31','2019-09-09 12:12:12'),
('1575','2018-01-22',788,1,318,14,'2018-02-02 08:58:31','2019-09-09 12:12:12'),
('1576','2018-01-23',788,35,318,14,'2018-02-02 08:58:31','2019-09-09 12:12:12'),
('1577','2018-01-24',789,35,318,14,'2018-02-02 08:58:31','2019-09-09 12:12:12'),
('1578','2018-01-25',789,1,319,14,'2018-02-02 08:58:31','2019-09-09 12:12:12'),
('1579','2018-01-26',790,1,319,14,'2018-02-02 08:58:31','2019-09-09 12:12:12'),
('1580','2018-01-27',531,2,319,14,'2018-02-02 08:58:31','2019-09-09 12:12:12'),
('1581','2018-01-28',791,2,319,14,'2018-02-02 08:58:31','2019-09-09 12:12:12'),
('1582','2018-01-29',791,2,319,14,'2018-02-02 08:58:31','2019-09-09 12:12:12'),
('1583','2018-01-30',2,4,2,14,'2018-02-02 08:58:31','2019-09-09 12:12:12'),
('1584','2018-01-31',792,35,320,14,'2018-02-02 08:58:31','2019-09-09 12:12:12'),
('1586','2018-02-01',793,4,3,14,'2018-02-25 10:54:34','2019-09-09 12:12:12'),
('1587','2018-02-02',794,2,1,14,'2018-02-25 10:54:34','2019-09-09 12:12:12'),
('1588','2018-02-03',794,1,4,14,'2018-02-25 10:54:34','2019-09-09 12:12:12'),
('1589','2018-02-04',795,35,321,14,'2018-02-25 10:54:34','2019-09-09 12:12:12'),
('1590','2018-02-05',795,35,321,14,'2018-02-25 10:54:34','2019-09-09 12:12:12'),
('1591','2018-02-06',796,35,321,14,'2018-02-25 10:54:34','2019-09-09 12:12:12'),
('1592','2018-02-07',796,35,321,14,'2018-02-25 10:54:34','2019-09-09 12:12:12'),
('1593','2018-02-08',797,35,322,14,'2018-02-25 10:54:34','2019-09-09 12:12:12'),
('1594','2018-02-09',797,35,322,14,'2018-02-25 10:54:34','2019-09-09 12:12:12'),
('1595','2018-02-10',99,35,322,14,'2018-02-25 10:54:34','2019-09-09 12:12:12'),
('1596','2018-02-11',798,35,322,14,'2018-02-25 10:54:34','2019-09-09 12:12:12'),
('1597','2018-02-12',799,35,322,14,'2018-02-25 10:54:34','2019-09-09 12:12:12'),
('1598','2018-02-13',799,35,323,14,'2018-02-25 10:54:34','2019-09-09 12:12:12'),
('1599','2018-02-14',800,35,323,14,'2018-02-25 10:54:34','2019-09-09 12:12:12'),
('1600','2018-02-15',800,35,323,14,'2018-02-25 10:54:34','2019-09-09 12:12:12'),
('1601','2018-02-16',89,35,90,14,'2018-02-25 10:54:34','2019-09-09 12:12:12'),
('1602','2018-02-17',801,35,323,14,'2018-02-25 10:54:34','2019-09-09 12:12:12'),
('1603','2018-02-18',802,23,324,14,'2018-02-25 10:54:34','2019-09-09 12:12:12'),
('1604','2018-02-19',802,2,324,14,'2018-02-25 10:54:34','2019-09-09 12:12:12'),
('1605','2018-02-20',803,56,324,14,'2018-02-25 10:54:34','2019-09-09 12:12:12'),
('1606','2018-02-21',45,35,89,14,'2018-02-25 10:54:34','2019-09-09 12:12:12'),
('1607','2018-02-22',804,35,324,14,'2018-02-25 10:54:34','2019-09-09 12:12:12'),
('1608','2018-02-23',804,35,325,14,'2018-02-25 10:54:34','2019-09-09 12:12:12'),
('1609','2018-02-24',805,1,3,14,'2018-02-25 10:54:34','2019-09-09 12:12:12'),
('1610','2018-05-15',0,0,0,7,'2018-05-16 00:25:27','2019-09-09 12:12:12'),
('1611','2018-10-01',0,0,0,7,'2018-10-24 16:17:15','2019-09-09 12:12:12'),
('1612','2018-10-02',0,0,0,7,'2018-10-24 16:17:15','2019-09-09 12:12:12'),
('1613','2018-10-03',0,0,0,7,'2018-10-24 16:17:15','2019-09-09 12:12:12'),
('1614','2018-10-04',0,0,0,7,'2018-10-24 16:17:15','2019-09-09 12:12:12'),
('1615','2018-10-05',0,0,0,7,'2018-10-24 16:17:15','2019-09-09 12:12:12');

/*Table structure for table `t_order` */

DROP TABLE IF EXISTS `t_order`;

CREATE TABLE `t_order` (
  `id` char(19) NOT NULL DEFAULT '',
  `order_no` varchar(20) NOT NULL DEFAULT '' COMMENT '订单号',
  `course_id` varchar(19) NOT NULL DEFAULT '' COMMENT '课程id',
  `course_title` varchar(100) DEFAULT NULL COMMENT '课程名称',
  `course_cover` varchar(255) DEFAULT NULL COMMENT '课程封面',
  `teacher_name` varchar(20) DEFAULT NULL COMMENT '讲师名称',
  `member_id` varchar(19) NOT NULL DEFAULT '' COMMENT '会员id',
  `nickname` varchar(50) DEFAULT NULL COMMENT '会员昵称',
  `mobile` varchar(11) DEFAULT NULL COMMENT '会员手机',
  `total_fee` decimal(10,2) DEFAULT '0.01' COMMENT '订单金额（分）',
  `pay_type` tinyint(3) DEFAULT NULL COMMENT '支付类型（1：微信 2：支付宝）',
  `status` tinyint(3) DEFAULT NULL COMMENT '订单状态（0：未支付 1：已支付）',
  `is_deleted` tinyint(1) unsigned NOT NULL DEFAULT '0' COMMENT '逻辑删除 1（true）已删除， 0（false）未删除',
  `gmt_create` datetime NOT NULL COMMENT '创建时间',
  `gmt_modified` datetime NOT NULL COMMENT '更新时间',
  PRIMARY KEY (`id`),
  UNIQUE KEY `ux_order_no` (`order_no`),
  KEY `idx_course_id` (`course_id`),
  KEY `idx_member_id` (`member_id`)
) ENGINE=InnoDB DEFAULT CHARSET=utf8mb4 COMMENT='订单';

/*Data for the table `t_order` */

insert  into `t_order`(`id`,`order_no`,`course_id`,`course_title`,`course_cover`,`teacher_name`,`member_id`,`nickname`,`mobile`,`total_fee`,`pay_type`,`status`,`is_deleted`,`gmt_create`,`gmt_modified`) values 
('1195693605513891841','1195693605555834880','18','Java精品课程','http://guli-file.oss-cn-beijing.aliyuncs.com/cover/2019/03/06/866e9aca-b530-4f71-a690-72d4a4bfd1e7.jpg','晴天','1','小三1231','13700000001',1.00,NULL,0,0,'2019-11-16 21:22:25','2019-11-16 21:22:25'),
('1195694200178118657','1195694200186507264','18','Java精品课程','http://guli-file.oss-cn-beijing.aliyuncs.com/cover/2019/03/06/866e9aca-b530-4f71-a690-72d4a4bfd1e7.jpg','晴天','1','小三1231','13700000001',1.00,NULL,0,0,'2019-11-16 21:24:47','2019-11-16 21:24:47'),
('1196265495278174209','1196265495273979904','18','Java精品课程','http://guli-file.oss-cn-beijing.aliyuncs.com/cover/2019/03/06/866e9aca-b530-4f71-a690-72d4a4bfd1e7.jpg','晴天','1','小三1231','13700000001',1.00,NULL,0,0,'2019-11-18 11:14:54','2019-11-18 11:14:54'),
('1460213688211881985','20211115195045489','1',NULL,NULL,NULL,'','小三123','13700000001',0.01,1,0,0,'2021-11-15 19:50:47','2021-11-15 19:50:47'),
('1460213851454193666','20211115195126739','undefined',NULL,NULL,NULL,'1459057491045318658',NULL,NULL,0.01,1,0,0,'2021-11-15 19:51:26','2021-11-15 19:51:26'),
('1460214030379008001','20211115195208390','undefined',NULL,NULL,NULL,'1459057491045318658',NULL,NULL,0.01,1,0,0,'2021-11-15 19:52:09','2021-11-15 19:52:09'),
('1460215334618808322','20211115195719976','undefined',NULL,NULL,NULL,'1459057491045318658',NULL,NULL,0.01,1,0,0,'2021-11-15 19:57:20','2021-11-15 19:57:20'),
('1460215654421905409','20211115195836823','undefined',NULL,NULL,NULL,'1459057491045318658',NULL,NULL,0.01,1,0,0,'2021-11-15 19:58:36','2021-11-15 19:58:36'),
('1460782881514606594','20211117093233522','1192252213659774977','java基础课程：test','https://nxd.oss-cn-beijing.aliyuncs.com/2021/11/07/b85f068d940344a1a5878cd8b8cb0f4818164.jpg','sfdasd','1459057491045318658',NULL,NULL,0.01,1,1,0,'2021-11-17 09:32:34','2021-11-17 09:32:56'),
('1460790250944520193','20211117100149587','1192252213659774977','java基础课程：test','https://nxd.oss-cn-beijing.aliyuncs.com/2021/11/07/b85f068d940344a1a5878cd8b8cb0f4818164.jpg','sfdasd','',NULL,NULL,0.01,1,0,0,'2021-11-17 10:01:51','2021-11-17 10:01:51'),
('1460790270137655298','20211117100155602','1192252213659774977','java基础课程：test','https://nxd.oss-cn-beijing.aliyuncs.com/2021/11/07/b85f068d940344a1a5878cd8b8cb0f4818164.jpg','sfdasd','',NULL,NULL,0.01,1,0,0,'2021-11-17 10:01:55','2021-11-17 10:01:55'),
('1460790358691995649','20211117100216011','1192252213659774977','java基础课程：test','https://nxd.oss-cn-beijing.aliyuncs.com/2021/11/07/b85f068d940344a1a5878cd8b8cb0f4818164.jpg','sfdasd','',NULL,NULL,0.01,1,0,0,'2021-11-17 10:02:16','2021-11-17 10:02:16'),
('1460790440434786305','20211117100235511','1192252213659774977','java基础课程：test','https://nxd.oss-cn-beijing.aliyuncs.com/2021/11/07/b85f068d940344a1a5878cd8b8cb0f4818164.jpg','sfdasd','',NULL,NULL,0.01,1,0,0,'2021-11-17 10:02:36','2021-11-17 10:02:36'),
('1460790457019064321','20211117100239848','1192252213659774977','java基础课程：test','https://nxd.oss-cn-beijing.aliyuncs.com/2021/11/07/b85f068d940344a1a5878cd8b8cb0f4818164.jpg','sfdasd','',NULL,NULL,0.01,1,0,0,'2021-11-17 10:02:40','2021-11-17 10:02:40'),
('1460790561172021250','20211117100304186','1192252213659774977','java基础课程：test','https://nxd.oss-cn-beijing.aliyuncs.com/2021/11/07/b85f068d940344a1a5878cd8b8cb0f4818164.jpg','sfdasd','',NULL,NULL,0.01,1,0,0,'2021-11-17 10:03:05','2021-11-17 10:03:05'),
('1460791662860492801','20211117100727283','1192252213659774977','java基础课程：test','https://nxd.oss-cn-beijing.aliyuncs.com/2021/11/07/b85f068d940344a1a5878cd8b8cb0f4818164.jpg','sfdasd','',NULL,NULL,0.01,1,0,0,'2021-11-17 10:07:27','2021-11-17 10:07:27'),
('1460791697157316610','20211117100735951','1192252213659774977','java基础课程：test','https://nxd.oss-cn-beijing.aliyuncs.com/2021/11/07/b85f068d940344a1a5878cd8b8cb0f4818164.jpg','sfdasd','',NULL,NULL,0.01,1,0,0,'2021-11-17 10:07:35','2021-11-17 10:07:35'),
('1460792028553469953','20211117100854562','1192252213659774977','java基础课程：test','https://nxd.oss-cn-beijing.aliyuncs.com/2021/11/07/b85f068d940344a1a5878cd8b8cb0f4818164.jpg','sfdasd','1195187659054329857',NULL,NULL,0.01,1,0,0,'2021-11-17 10:08:54','2021-11-17 10:08:54');

/*Table structure for table `t_pay_log` */

DROP TABLE IF EXISTS `t_pay_log`;

CREATE TABLE `t_pay_log` (
  `id` char(19) NOT NULL DEFAULT '',
  `order_no` varchar(20) NOT NULL DEFAULT '' COMMENT '订单号',
  `pay_time` datetime DEFAULT NULL COMMENT '支付完成时间',
  `total_fee` decimal(10,2) DEFAULT '0.01' COMMENT '支付金额（分）',
  `transaction_id` varchar(30) DEFAULT NULL COMMENT '交易流水号',
  `trade_state` char(20) DEFAULT NULL COMMENT '交易状态',
  `pay_type` tinyint(3) NOT NULL DEFAULT '0' COMMENT '支付类型（1：微信 2：支付宝）',
  `attr` text COMMENT '其他属性',
  `is_deleted` tinyint(1) unsigned NOT NULL DEFAULT '0' COMMENT '逻辑删除 1（true）已删除， 0（false）未删除',
  `gmt_create` datetime NOT NULL COMMENT '创建时间',
  `gmt_modified` datetime NOT NULL COMMENT '更新时间',
  PRIMARY KEY (`id`),
  UNIQUE KEY `uk_order_no` (`order_no`)
) ENGINE=InnoDB DEFAULT CHARSET=utf8mb4 COMMENT='支付日志表';

/*Data for the table `t_pay_log` */

insert  into `t_pay_log`(`id`,`order_no`,`pay_time`,`total_fee`,`transaction_id`,`trade_state`,`pay_type`,`attr`,`is_deleted`,`gmt_create`,`gmt_modified`) values 
('1194498446013001730','1194498300579704832','2019-11-13 14:13:17',1.00,'4200000469201911130676624386','SUCCESS',1,'{\"transaction_id\":\"4200000469201911130676624386\",\"nonce_str\":\"2Lc23ILl231It53M\",\"trade_state\":\"SUCCESS\",\"bank_type\":\"CFT\",\"openid\":\"oNpSGwR-QGG5DaZtDkh2UZlsFDQE\",\"sign\":\"5404850AA3ED0E844DE104651477F07A\",\"return_msg\":\"OK\",\"fee_type\":\"CNY\",\"mch_id\":\"1473426802\",\"cash_fee\":\"1\",\"out_trade_no\":\"1194498300579704832\",\"cash_fee_type\":\"CNY\",\"appid\":\"wx8397f8696b538317\",\"total_fee\":\"1\",\"trade_state_desc\":\"支付成功\",\"trade_type\":\"NATIVE\",\"result_code\":\"SUCCESS\",\"attach\":\"\",\"time_end\":\"20191113141314\",\"is_subscribe\":\"N\",\"return_code\":\"SUCCESS\"}',0,'2019-11-13 14:13:17','2019-11-13 14:13:17'),
('1195253787449430017','1195253049260314624','2019-11-15 16:14:44',1.00,'4200000454201911150981874895','SUCCESS',1,'{\"transaction_id\":\"4200000454201911150981874895\",\"nonce_str\":\"MAM5UM4Xhv1lItvO\",\"trade_state\":\"SUCCESS\",\"bank_type\":\"CFT\",\"openid\":\"oNpSGwR-QGG5DaZtDkh2UZlsFDQE\",\"sign\":\"7DBDCAF4A078B30BB3EF073E6A238C20\",\"return_msg\":\"OK\",\"fee_type\":\"CNY\",\"mch_id\":\"1473426802\",\"cash_fee\":\"1\",\"out_trade_no\":\"1195253049260314624\",\"cash_fee_type\":\"CNY\",\"appid\":\"wx8397f8696b538317\",\"total_fee\":\"1\",\"trade_state_desc\":\"支付成功\",\"trade_type\":\"NATIVE\",\"result_code\":\"SUCCESS\",\"attach\":\"\",\"time_end\":\"20191115161440\",\"is_subscribe\":\"N\",\"return_code\":\"SUCCESS\"}',0,'2019-11-15 16:14:44','2019-11-15 16:14:44'),
('1196264321397342210','1196264005255872512','2019-11-18 11:10:14',1.00,'4200000453201911184025781554','SUCCESS',1,'{\"transaction_id\":\"4200000453201911184025781554\",\"nonce_str\":\"D1dHexCLIFIxAAg2\",\"trade_state\":\"SUCCESS\",\"bank_type\":\"CFT\",\"openid\":\"oNpSGwR-QGG5DaZtDkh2UZlsFDQE\",\"sign\":\"C9F5CA1EE49EA7891736D73BEB423962\",\"return_msg\":\"OK\",\"fee_type\":\"CNY\",\"mch_id\":\"1473426802\",\"cash_fee\":\"1\",\"out_trade_no\":\"1196264005255872512\",\"cash_fee_type\":\"CNY\",\"appid\":\"wx8397f8696b538317\",\"total_fee\":\"1\",\"trade_state_desc\":\"支付成功\",\"trade_type\":\"NATIVE\",\"result_code\":\"SUCCESS\",\"attach\":\"\",\"time_end\":\"20191118111011\",\"is_subscribe\":\"N\",\"return_code\":\"SUCCESS\"}',0,'2019-11-18 11:10:14','2019-11-18 11:10:14'),
('1460249482368659457','20211115221241551','2021-11-15 22:13:01',0.01,'4200001181202111156375550425','SUCCESS',1,'{\"transaction_id\":\"4200001181202111156375550425\",\"nonce_str\":\"t4QXpqp9QPpQ6JnL\",\"trade_state\":\"SUCCESS\",\"bank_type\":\"OTHERS\",\"openid\":\"oHwsHuC4io36ZxDdWuW48CYuCCg8\",\"sign\":\"7A847A8EC9E9FB21691BC61111C74D1F\",\"return_msg\":\"OK\",\"fee_type\":\"CNY\",\"mch_id\":\"1558950191\",\"cash_fee\":\"1\",\"out_trade_no\":\"20211115221241551\",\"cash_fee_type\":\"CNY\",\"appid\":\"wx74862e0dfcf69954\",\"total_fee\":\"1\",\"trade_state_desc\":\"支付成功\",\"trade_type\":\"NATIVE\",\"result_code\":\"SUCCESS\",\"attach\":\"\",\"time_end\":\"20211115221300\",\"is_subscribe\":\"N\",\"return_code\":\"SUCCESS\"}',0,'2021-11-15 22:13:01','2021-11-15 22:13:01'),
('1460782976146493442','20211117093233522','2021-11-17 09:32:56',0.01,'4200001202202111171142828044','SUCCESS',1,'{\"transaction_id\":\"4200001202202111171142828044\",\"nonce_str\":\"fodgw0Eou9eEptqo\",\"trade_state\":\"SUCCESS\",\"bank_type\":\"OTHERS\",\"openid\":\"oHwsHuC4io36ZxDdWuW48CYuCCg8\",\"sign\":\"CF2639D183CC0EC0ACD5DCF3B584DAFC\",\"return_msg\":\"OK\",\"fee_type\":\"CNY\",\"mch_id\":\"1558950191\",\"cash_fee\":\"1\",\"out_trade_no\":\"20211117093233522\",\"cash_fee_type\":\"CNY\",\"appid\":\"wx74862e0dfcf69954\",\"total_fee\":\"1\",\"trade_state_desc\":\"支付成功\",\"trade_type\":\"NATIVE\",\"result_code\":\"SUCCESS\",\"attach\":\"\",\"time_end\":\"20211117093255\",\"is_subscribe\":\"N\",\"return_code\":\"SUCCESS\"}',0,'2021-11-17 09:32:56','2021-11-17 09:32:56');

/*Table structure for table `ucenter_member` */

DROP TABLE IF EXISTS `ucenter_member`;

CREATE TABLE `ucenter_member` (
  `id` char(19) NOT NULL COMMENT '会员id',
  `openid` varchar(128) DEFAULT NULL COMMENT '微信openid',
  `mobile` varchar(11) DEFAULT '' COMMENT '手机号',
  `password` varchar(255) DEFAULT NULL COMMENT '密码',
  `nickname` varchar(50) DEFAULT NULL COMMENT '昵称',
  `sex` tinyint(2) unsigned DEFAULT NULL COMMENT '性别 1 女，2 男',
  `age` tinyint(3) unsigned DEFAULT NULL COMMENT '年龄',
  `avatar` varchar(255) DEFAULT NULL COMMENT '用户头像',
  `sign` varchar(100) DEFAULT NULL COMMENT '用户签名',
  `is_disabled` tinyint(1) NOT NULL DEFAULT '0' COMMENT '是否禁用 1（true）已禁用，  0（false）未禁用',
  `is_deleted` tinyint(1) NOT NULL DEFAULT '0' COMMENT '逻辑删除 1（true）已删除， 0（false）未删除',
  `gmt_create` datetime NOT NULL COMMENT '创建时间',
  `gmt_modified` datetime NOT NULL COMMENT '更新时间',
  PRIMARY KEY (`id`)
) ENGINE=InnoDB DEFAULT CHARSET=utf8mb4 COMMENT='会员表';

/*Data for the table `ucenter_member` */

insert  into `ucenter_member`(`id`,`openid`,`mobile`,`password`,`nickname`,`sex`,`age`,`avatar`,`sign`,`is_disabled`,`is_deleted`,`gmt_create`,`gmt_modified`) values 
('1',NULL,'13700000001','96e79218965eb72c92a549dd5a330112','小三123',1,5,'http://thirdwx.qlogo.cn/mmopen/vi_32/DYAIOgq83eoj0hHXhgJNOTSOFsS4uZs8x1ConecaVOB8eIl115xmJZcT4oCicvia7wMEufibKtTLqiaJeanU2Lpg3w/132',NULL,0,0,'2019-01-01 12:11:33','2019-11-08 11:56:01'),
('1080736474267144193',NULL,'13700000011','96e79218965eb72c92a549dd5a330112','用户XJtDfaYeKk',1,19,'http://thirdwx.qlogo.cn/mmopen/vi_32/DYAIOgq83eoj0hHXhgJNOTSOFsS4uZs8x1ConecaVOB8eIl115xmJZcT4oCicvia7wMEufibKtTLqiaJeanU2Lpg3w/132',NULL,0,0,'2019-01-02 12:12:45','2019-01-02 12:12:56'),
('1080736474355224577',NULL,'13700000002','96e79218965eb72c92a549dd5a330112','用户wUrNkzAPrc',1,27,'http://thirdwx.qlogo.cn/mmopen/vi_32/DYAIOgq83eoj0hHXhgJNOTSOFsS4uZs8x1ConecaVOB8eIl115xmJZcT4oCicvia7wMEufibKtTLqiaJeanU2Lpg3w/132',NULL,0,0,'2019-01-02 12:13:56','2019-01-02 12:14:07'),
('1086387099449442306',NULL,'13520191388','96e79218965eb72c92a549dd5a330112','用户XTMUeHDAoj',2,20,'http://thirdwx.qlogo.cn/mmopen/vi_32/DYAIOgq83eoj0hHXhgJNOTSOFsS4uZs8x1ConecaVOB8eIl115xmJZcT4oCicvia7wMEufibKtTLqiaJeanU2Lpg3w/132',NULL,0,0,'2019-01-19 06:17:23','2019-01-19 06:17:23'),
('1086387099520745473',NULL,'13520191389','96e79218965eb72c92a549dd5a330112','用户vSdKeDlimn',1,21,'http://thirdwx.qlogo.cn/mmopen/vi_32/DYAIOgq83eoj0hHXhgJNOTSOFsS4uZs8x1ConecaVOB8eIl115xmJZcT4oCicvia7wMEufibKtTLqiaJeanU2Lpg3w/132',NULL,0,0,'2019-01-19 06:17:23','2019-01-19 06:17:23'),
('1086387099608825858',NULL,'13520191381','96e79218965eb72c92a549dd5a330112','用户EoyWUVXQoP',1,18,'http://thirdwx.qlogo.cn/mmopen/vi_32/DYAIOgq83eoj0hHXhgJNOTSOFsS4uZs8x1ConecaVOB8eIl115xmJZcT4oCicvia7wMEufibKtTLqiaJeanU2Lpg3w/132',NULL,0,0,'2019-01-19 06:17:23','2019-01-19 06:17:23'),
('1086387099701100545',NULL,'13520191382','96e79218965eb72c92a549dd5a330112','用户LcAYbxLNdN',2,24,'http://thirdwx.qlogo.cn/mmopen/vi_32/DYAIOgq83eoj0hHXhgJNOTSOFsS4uZs8x1ConecaVOB8eIl115xmJZcT4oCicvia7wMEufibKtTLqiaJeanU2Lpg3w/132',NULL,0,0,'2019-01-19 06:17:23','2019-01-19 06:17:23'),
('1086387099776598018',NULL,'13520191383','96e79218965eb72c92a549dd5a330112','用户dZdjcgltnk',2,25,'http://thirdwx.qlogo.cn/mmopen/vi_32/DYAIOgq83eoj0hHXhgJNOTSOFsS4uZs8x1ConecaVOB8eIl115xmJZcT4oCicvia7wMEufibKtTLqiaJeanU2Lpg3w/132',NULL,0,0,'2019-01-19 06:17:23','2019-01-19 06:17:23'),
('1086387099852095490',NULL,'13520191384','96e79218965eb72c92a549dd5a330112','用户wNHGHlxUwX',2,23,'http://thirdwx.qlogo.cn/mmopen/vi_32/DYAIOgq83eoj0hHXhgJNOTSOFsS4uZs8x1ConecaVOB8eIl115xmJZcT4oCicvia7wMEufibKtTLqiaJeanU2Lpg3w/132',NULL,0,0,'2019-01-19 06:17:23','2019-01-19 06:17:23'),
('1106746895272849410','o1R-t5u2TfEVeVjO9CPGdHPNw-to',NULL,NULL,'檀梵\'',NULL,NULL,'http://thirdwx.qlogo.cn/mmopen/vi_32/zZfLXcetf2Rpsibq6HbPUWKgWSJHtha9y1XBeaqluPUs6BYicW1FJaVqj7U3ozHd3iaodGKJOvY2PvqYTuCKwpyfQ/132',NULL,0,0,'2019-03-16 10:39:57','2019-03-16 10:39:57'),
('1106822699956654081',NULL,NULL,NULL,NULL,NULL,NULL,'http://thirdwx.qlogo.cn/mmopen/vi_32/DYAIOgq83eoj0hHXhgJNOTSOFsS4uZs8x1ConecaVOB8eIl115xmJZcT4oCicvia7wMEufibKtTLqiaJeanU2Lpg3w/132',NULL,0,0,'2019-03-16 15:41:10','2019-03-16 15:41:10'),
('1106823035660357634','o1R-t5i4gENwHYRb5lVFy98Z0bdk',NULL,NULL,'GaoSir',NULL,NULL,'http://thirdwx.qlogo.cn/mmopen/vi_32/Q0j4TwGTfTJI53RcCuc1no02os6ZrattWGiazlPnicoZQ59zkS7phNdLEWUPDk8fzoxibAnXV1Sbx0trqXEsGhXPw/132',NULL,0,0,'2019-03-16 15:42:30','2019-03-16 15:42:30'),
('1106823041599492098',NULL,NULL,NULL,NULL,NULL,NULL,'http://thirdwx.qlogo.cn/mmopen/vi_32/DYAIOgq83eoj0hHXhgJNOTSOFsS4uZs8x1ConecaVOB8eIl115xmJZcT4oCicvia7wMEufibKtTLqiaJeanU2Lpg3w/132',NULL,0,0,'2019-03-16 15:42:32','2019-03-16 15:42:32'),
('1106823115788341250','o1R-t5l_3rnbZbn4jWwFdy6Gk6cg',NULL,NULL,'换个网名哇、',NULL,NULL,'http://thirdwx.qlogo.cn/mmopen/vi_32/jJHyeM0EN2jhB70LntI3k8fEKe7W6CwykrKMgDJM4VZqCpcxibVibX397p0vmbKURGkLS4jxjGB0GpZfxCicgt07w/132',NULL,0,0,'2019-03-16 15:42:49','2019-03-16 15:42:49'),
('1106826046730227714','o1R-t5gyxumyBqt0CWcnh0S6Ya1g',NULL,NULL,'我是Helen',NULL,NULL,'http://thirdwx.qlogo.cn/mmopen/vi_32/Q0j4TwGTfTKDRfib8wy7A2ltERKh4VygxdjVC1x5OaOb1t9hot4JNt5agwaVLdJLcD9vJCNcxkvQnlvLYIPfrZw/132',NULL,0,0,'2019-03-16 15:54:28','2019-03-16 15:54:28'),
('1106828185829490690','o1R-t5nNlou5lRwBVgGNJFm4rbc4',NULL,NULL,' 虎头',NULL,NULL,'http://thirdwx.qlogo.cn/mmopen/vi_32/Q0j4TwGTfTKxCqRzuYWQmpwiaqQEjNxbC7WicebicXQusU306jgmfoOzUcFg1qaDq5BStiblwBjw5dUOblQ2gUicQOQ/132',NULL,0,0,'2019-03-16 16:02:58','2019-03-16 16:02:58'),
('1106830599651442689','o1R-t5hZHQB1cbX7HZJsiM727_SA',NULL,NULL,'是吴啊',NULL,NULL,'http://thirdwx.qlogo.cn/mmopen/vi_32/Q0j4TwGTfTJ9CsqApybcs7f3Dyib9IxIh0sBqJb7LicbjU4WticJFF0PVwFvHgtbFdBwfmk3H2t3NyqmEmVx17tRA/132',NULL,0,0,'2019-03-16 16:12:34','2019-03-16 16:12:34'),
('1106830976199278593','o1R-t5meKOoyEJ3-IhWRCBKFcvzU',NULL,NULL,'我才是Helen',NULL,NULL,'http://thirdwx.qlogo.cn/mmopen/vi_32/DYAIOgq83epMicP9UT6mVjYWdno0OJZkOXiajG0sllJTbGJ9DYiceej2XvbDSGCK8LCF7jv1PuG2uoYlePWic9XO8A/132',NULL,0,0,'2019-03-16 16:14:03','2019-03-16 16:14:03'),
('1106831936900415490','o1R-t5jXYSWakGtnUBnKbfVT5Iok',NULL,NULL,'文若姬',NULL,NULL,'http://thirdwx.qlogo.cn/mmopen/vi_32/3HEmJwpSzguqqAyzmBwqT6aicIanswZibEOicQInQJI3ZY1qmu59icJC6N7SahKqWYv24GvX5KH2fibwt0mPWcTJ3fg/132',NULL,0,0,'2019-03-16 16:17:52','2019-03-16 16:17:52'),
('1106832491064442882','o1R-t5sud081Qsa2Vb2xSKgGnf_g',NULL,NULL,'Peanut',NULL,NULL,'http://thirdwx.qlogo.cn/mmopen/vi_32/DYAIOgq83eoj0hHXhgJNOTSOFsS4uZs8x1ConecaVOB8eIl115xmJZcT4oCicvia7wMEufibKtTLqiaJeanU2Lpg3w/132',NULL,0,0,'2019-03-16 16:20:04','2019-03-16 16:20:04'),
('1106833021442510849','o1R-t5lsGc3I8P5bDpHj7m_AIRvQ',NULL,NULL,'食物链终结者',NULL,NULL,'http://thirdwx.qlogo.cn/mmopen/vi_32/MQ7qUmCprK9am16M1Ia1Cs3RK0qiarRrl9y8gsssBjIZeS2GwKSrnq7ZYhmrzuzDwBxSMMAofrXeLic9IBlW4M3Q/132',NULL,0,0,'2019-03-16 16:22:11','2019-03-16 16:22:11'),
('1191600824445046786',NULL,'15210078344','96e79218965eb72c92a549dd5a330112','IT妖姬',1,5,'http://thirdwx.qlogo.cn/mmopen/vi_32/DYAIOgq83eoj0hHXhgJNOTSOFsS4uZs8x1ConecaVOB8eIl115xmJZcT4oCicvia7wMEufibKtTLqiaJeanU2Lpg3w/132',NULL,0,0,'2019-11-05 14:19:10','2019-11-08 18:04:43'),
('1191616288114163713',NULL,'17866603606','96e79218965eb72c92a549dd5a330112','xiaowu',NULL,NULL,'http://thirdwx.qlogo.cn/mmopen/vi_32/DYAIOgq83eoj0hHXhgJNOTSOFsS4uZs8x1ConecaVOB8eIl115xmJZcT4oCicvia7wMEufibKtTLqiaJeanU2Lpg3w/132',NULL,0,0,'2019-11-05 15:20:37','2019-11-05 15:20:37'),
('1195187659054329857',NULL,'15010546384','96e79218965eb72c92a549dd5a330112','qy',NULL,NULL,'http://thirdwx.qlogo.cn/mmopen/vi_32/DYAIOgq83eoj0hHXhgJNOTSOFsS4uZs8x1ConecaVOB8eIl115xmJZcT4oCicvia7wMEufibKtTLqiaJeanU2Lpg3w/132',NULL,0,0,'2019-11-15 11:51:58','2019-11-15 11:51:58'),
('1459057491045318658','o3_SC5xCnlxWV5Yu4r5qBHewcB8Q','',NULL,'ITNXD',NULL,NULL,'https://thirdwx.qlogo.cn/mmopen/vi_32/vcDVtNX5MMExoqQXlTIsHCDTlWGxshvyM4qsQE2jfjzecvYfVGiaTibxepPf4ZIT3CVMzbKI8mQ74GiaSmJR0QPYw/132',NULL,0,0,'2021-11-12 15:16:29','2021-11-12 15:16:29'),
('1459169920798490626','o3_SC5w3_VpQJb02rHTdH2C0gHds','',NULL,'晓',NULL,NULL,'https://thirdwx.qlogo.cn/mmopen/vi_32/TLhB2IWbFQm7Jmb3o0WIdSENCOsm3KbsBX9JtaqicsGyTe9BWMWtfwqZI7RuEpl0hwQibv7Na8N4eRd7UibNktdMQ/132',NULL,0,0,'2021-11-12 22:43:14','2021-11-12 22:43:14'),
('1460057883774713857',NULL,'',NULL,NULL,NULL,NULL,NULL,NULL,0,0,'2021-11-15 09:31:41','2021-11-15 09:31:41');

/*!40101 SET SQL_MODE=@OLD_SQL_MODE */;
/*!40014 SET FOREIGN_KEY_CHECKS=@OLD_FOREIGN_KEY_CHECKS */;
/*!40014 SET UNIQUE_CHECKS=@OLD_UNIQUE_CHECKS */;
/*!40111 SET SQL_NOTES=@OLD_SQL_NOTES */;
